No,Compound,SMILES,CAS No,set,MWa,logKowb,Mptc,LogSaqd,LogSoce,Hdf,Hag,MVh,Texpi,Skin thicknessj,Skin Integrity testk,Skin Selection criteria,logkpl,logJmaxm,Reference
80,Urea,C(=O)(N)N,57-13-6,t,60.1,-2.11,406,-1.85,-3.96,4,3,36.7,312,0.1,transepidermal electrical resistance,20-130 Kohmcm2,-3.55,-5.41,(Peck et al. 1995)
81,Urea,C(=O)(N)N,57-13-6,t,60.1,-2.11,406,-2.02,-4.13,4,3,36.7,300,0.1,transepidermal electrical resistance,20-130 Kohmcm2,-3.69,-5.71,(Peck et al. 1995)
82,Urea,C(=O)(N)N,57-13-6,t,60.1,-2.11,406,-1.89,-4,4,3,36.7,310,0.1,tritiated water permeation,1.42,-3.83,-5.72,(Barber et al. 1992)
272,Urea,C(=O)(N)N,57-13-6,t,60.1,-2.11,406,-2.04,-4.15,4,3,36.7,310,0.1,tritiated water permeation,< 1.6 �L/cm2,-3.95,-5.99,(Intarakumhaeng et al. 2017)
385,Urea,C(=O)(N)N,57-13-6,t,60.1,-2.11,406,-1.85,-3.96,4,3,36.7,310,0.1,transepidermal electrical resistance,? 15 k?cm2,-3.93,-5.78,(Peck et al. 1994)
390,urea,C(=O)(N)N,57-13-6,t,60.1,-2.11,406,-1.85,-3.96,4,3,36.7,310,0.1,transepidermal electrical resistance,? 15 k?cm2,-3.56,-5.41,(Peck et al. 1998)
392,urea,C(=O)(N)N,57-13-6,t,60.1,-2.11,406,-1.85,-3.96,4,3,36.7,310,0.1,transepidermal electrical resistance,? 15 k?cm2,-3.6,-5.45,(Peck et al. 1996)
45,Mannitol,C(C(C(C(C(CO)O)O)O)O)O,69-65-8,t,182.2,-4.67,440,-2.74,-7.41,6,6,106.2,312,0.1,transepidermal electrical resistance,20-130 Kohmcm2,-4,-6.75,(Peck et al. 1995)
46,Mannitol,C(C(C(C(C(CO)O)O)O)O)O,69-65-8,t,182.2,-4.67,440,-3,-7.67,6,6,106.2,300,0.1,transepidermal electrical resistance,20-130 Kohmcm2,-4.19,-7.19,(Peck et al. 1995)
47,Mannitol,C(C(C(C(C(CO)O)O)O)O)O,69-65-8,t,182.2,-4.67,440,-2.92,-7.59,6,6,106.2,303,0.1,tritiated water permeation,0.00155,-4,-6.93,(Dick and Scott 1992)
194,Mannitol,C(C(C(C(C(CO)O)O)O)O)O,69-65-8,t,182.17,-3.26,440,-2.91,-6.17,6,6,158.375,305,0.1,,,-4.96,-7.87,(Clowes et al. 1994)
195,Mannitol,C(C(C(C(C(CO)O)O)O)O)O,69-65-8,t,182.17,-3.26,440,-2.91,-6.17,6,6,158.375,305,0.1,,,-4.6,-7.51,(Clowes et al. 1994)
196,Mannitol,C(C(C(C(C(CO)O)O)O)O)O,69-65-8,t,182.17,-3.26,440,-2.91,-6.17,6,6,158.375,305,0.1,,,-4.62,-7.53,(Clowes et al. 1994)
259,Mannitol,C(C(C(C(C(CO)O)O)O)O)O,69-65-8,t,182.2,-4.67,440,-2.92,-7.59,6,6,106.2,304,0.1,transepidermal electrical resistance,>20 k?cm2,-4.82,-7.74,(Lawrence et al. 1997)
260,Mannitol,C(C(C(C(C(CO)O)O)O)O)O,69-65-8,t,182.2,-4.67,440,-2.92,-7.59,6,6,106.2,304,0.1,transepidermal electrical resistance,>20 k?cm2,-4.72,-7.64,(Lawrence et al. 1997)
273,Mannitol,C(C(C(C(C(CO)O)O)O)O)O,69-65-8,t,182.2,-3.26,440,-2.91,-6.17,6,6,158.375,310,0.1,tritiated water permeation,< 1.6 �L/cm2,-4.46,-7.37,(Intarakumhaeng et al. 2017)
326,Mannitol,C(C(C(C(C(CO)O)O)O)O)O,69-65-8,t,182,-3.26,440,-2.91,-6.17,6,6,158.375,310,0.1,Visual check,,-3.15,-6.07,(Suhonen et al. 2003)
339,Mannitol,C(C(C(C(C(CO)O)O)O)O)O,69-65-8,t,182,-3.26,440,-2.91,-6.17,6,6,158.375,310,0.1,,,-4.68,-7.59,(Essa et al. 2002)
386,Mannitol,C(C(C(C(C(CO)O)O)O)O)O,69-65-8,t,182.2,-3.26,440,-2.91,-6.17,6,6,158.375,310,0.1,transepidermal electrical resistance,? 15 k?cm2,-4.44,-7.35,(Peck et al. 1994)
396,Mannitol,C(C(C(C(C(CO)O)O)O)O)O,69-65-8,t,182.2,-4.67,440,-3.04,-7.71,6,6,106.2,298,0.1,Visual check,,-3.97,-7.01,(Sims et al. 1991)
274,Glycerol,C(C(CO)O)O,56-81-5,t,92.1,-1.8,291.2,-1.24,-3.04,3,3,70.9,310,0.1,tritiated water permeation,< 1.6 �L/cm2,-4.57,-5.81,(Intarakumhaeng et al. 2017)
328,Glycerol,C(C(CO)O)O,56-81-5,t,92,-1.96,291.2,-1.24,-3.2,3,3,70.9,310,0.1,Visual check,,-3.01,-4.25,(Suhonen et al. 2003)
72,Sucrose,C(C1C(C(C(C(O1)OC2(C(C(C(O2)CO)O)O)CO)O)O)O)O,57-50-1,t,342.3,-3.85,459,-2.04,-5.89,8,11,144.5,310,0.01,14C Sucrose transport,,-5.03,-7.06,(Anderson et al. 1988)
206,Sucrose,C(C1C(C(C(C(O1)OC2(C(C(C(O2)CO)O)O)CO)O)O)O)O,57-50-1,t,342.3,-3.85,459,-2.21,-6.06,8,11,144.5,298,0.1,transepidermal electrical resistance,,-5.28,-7.5,(Mitragotri et al. 1996)
325,Sucrose,C(C1C(C(C(C(O1)OC2(C(C(C(O2)CO)O)O)CO)O)O)O)O,57-50-1,t,342.3,-3.85,459,-2.04,-5.89,8,11,144.5,310,0.1,Visual check,,-3.13,-5.17,(Suhonen et al. 2003)
387,Sucrose,C(C1C(C(C(C(O1)OC2(C(C(C(O2)CO)O)O)CO)O)O)O)O,57-50-1,t,342.3,-3.85,459,-2.04,-5.89,8,11,144.5,310,0.1,transepidermal electrical resistance,? 15 k?cm2,-4.72,-6.76,(Peck et al. 1994)
389,Sucrose,C(C1C(C(C(C(O1)OC2(C(C(C(O2)CO)O)O)CO)O)O)O)O,57-50-1,t,342.3,-3.85,459,-2.04,-5.89,8,11,144.5,310,0.1,transepidermal electrical resistance,? 15 k?cm2,-4.8,-6.84,(Peck et al. 1994)
391,sucrose,C(C1C(C(C(C(O1)OC2(C(C(C(O2)CO)O)O)CO)O)O)O)O,57-50-1,t,342.3,-3.85,459,-2.04,-5.89,8,11,144.5,310,0.1,transepidermal electrical resistance,? 15 k?cm2,-4.36,-6.4,(Peck et al. 1998)
393,sucrose,C(C1C(C(C(C(O1)OC2(C(C(C(O2)CO)O)O)CO)O)O)O)O,57-50-1,t,342.3,-3.85,459,-2.04,-5.89,8,11,144.5,310,0.1,transepidermal electrical resistance,? 15 k?cm2,-4.27,-6.31,(Peck et al. 1996)
324,Raffinose,C(C1C(C(C(C(O1)OCC2C(C(C(C(O2)OC3(C(C(C(O3)CO)O)O)CO)O)O)O)O)O)O)O,512-69-6,t,504.4,-4.3,354,-3.34,-7.64,11,16,277.9,310,0.1,Visual check,,-4.3,-7.64,(Suhonen et al. 2003)
388,Raffinose,C(C1C(C(C(C(O1)OCC2C(C(C(C(O2)OC3(C(C(C(O3)CO)O)O)CO)O)O)O)O)O)O)O,512-69-6,t,504.4,-3.67,354,-3.34,-7.01,11,16,277.9,310,0.1,transepidermal electrical resistance,? 15 k?cm2,-4.85,-8.2,(Peck et al. 1994)
466,Basic Red 76 (Chloride salt),C[N+](C)(C)C1=CC2=C(C=C1)C=CC(=C2N=NC3=CC=CC=C3OC)O.[Cl-],68391-30-0,t,371.86,-1.78,473,-6.26,-8.04,1,5,,305,0.128,transepidermal electrical resistance,>4.26 k?,-2.77,-9.03,(Ellison et al. 2020)
36,5-Fluorouracil (+ - + -),C1=C(C(=O)NC(=O)N1)F,51-21-8,t*,130.1,-0.78,556,-3.89,-4.67,2,4,62.8,305,0.1,,,-4.47,-8.35,(Williams and Barry 1991a)
99,5-Fluorouracil,C1=C(C(=O)NC(=O)N1)F,51-21-8,t,130.1,-0.78,556,-3.92,-4.7,2,4,62.8,305,0.1,,,-4.47,-8.39,(Williams et al. 1992)
100,5-Fluorouracil,C1=C(C(=O)NC(=O)N1)F,51-21-8,t,130.1,-0.78,556,-3.92,-4.7,2,4,62.8,305,0.1,,,-4.64,-8.56,(Williams and Barry 1989) (Williams and Barry 1991a)
101,5-Fluorouracil,C1=C(C(=O)NC(=O)N1)F,51-21-8,t,130.1,-0.78,556,-3.92,-4.7,2,4,62.8,305,0.1,,,-4.42,-8.34,(Williams and Barry 1989) (Williams and Barry 1991a)
102,5-Fluorouracil,C1=C(C(=O)NC(=O)N1)F,51-21-8,t,130.1,-0.78,556,-3.92,-4.7,2,4,62.8,305,0.1,,,-4.36,-8.28,(Williams and Barry 1989) (Williams and Barry 1991a)
103,5-Fluorouracil,C1=C(C(=O)NC(=O)N1)F,51-21-8,t,130.1,-0.78,556,-3.92,-4.7,2,4,62.8,305,0.1,,,-4.68,-8.6,(Williams and Barry 1989) (Williams and Barry 1991a)
104,5-Fluorouracil,C1=C(C(=O)NC(=O)N1)F,51-21-8,t,130.1,-0.78,556,-3.89,-4.67,2,4,62.8,305,0.1,,,-4.91,-8.8,(Williams and Barry 1991a)
105,5-Fluorouracil,C1=C(C(=O)NC(=O)N1)F,51-21-8,t,130.1,-0.78,556,-3.89,-4.67,2,4,62.8,305,0.1,,,-4.33,-8.21,(Williams and Barry 1991a)
106,5-Fluorouracil,C1=C(C(=O)NC(=O)N1)F,51-21-8,t,130.1,-0.78,556,-3.89,-4.67,2,4,62.8,305,0.1,,,-5.09,-8.97,(Williams and Barry 1991a)
107,5-Fluorouracil,C1=C(C(=O)NC(=O)N1)F,51-21-8,t,130.1,-0.78,556,-3.89,-4.67,2,4,62.8,305,0.1,,,-4.29,-8.18,(Williams and Barry 1991a)
108,5-Fluorouracil,C1=C(C(=O)NC(=O)N1)F,51-21-8,t,130.1,-0.78,556,-3.89,-4.67,2,4,62.8,305,0.1,,,-4.61,-8.5,(Williams and Barry 1991a)
109,5-Fluorouracil,C1=C(C(=O)NC(=O)N1)F,51-21-8,t,130.1,-0.78,556,-3.89,-4.67,2,4,62.8,305,0.1,,,-4.85,-8.73,(Williams and Barry 1991a)
110,5-Fluorouracil,C1=C(C(=O)NC(=O)N1)F,51-21-8,t,130.1,-0.78,556,-3.89,-4.67,2,4,62.8,305,0.1,,,-4.89,-8.78,(Williams and Barry 1991a)
111,5-Fluorouracil,C1=C(C(=O)NC(=O)N1)F,51-21-8,t,130.1,-0.78,556,-3.89,-4.67,2,4,62.8,305,0.1,,,-5.13,-9.02,(Williams and Barry 1991a)
112,5-Fluorouracil,C1=C(C(=O)NC(=O)N1)F,51-21-8,t,130.1,-0.78,556,-3.89,-4.67,2,4,62.8,305,0.1,,,-4.79,-8.68,(Williams and Barry 1991a)
113,5-Fluorouracil,C1=C(C(=O)NC(=O)N1)F,51-21-8,t,130.1,-0.78,556,-3.89,-4.67,2,4,62.8,305,0.1,,,-4.47,-8.36,(Williams and Barry 1991a)
114,5-Fluorouracil,C1=C(C(=O)NC(=O)N1)F,51-21-8,t,130.1,-0.78,556,-3.89,-4.67,2,4,62.8,305,0.1,,,-4.54,-8.43,(Williams and Barry 1991a)
115,5-Fluorouracil,C1=C(C(=O)NC(=O)N1)F,51-21-8,t,130.1,-0.78,556,-3.89,-4.67,2,4,62.8,305,0.1,,,-4.51,-8.39,(Williams and Barry 1991a)
116,5-Fluorouracil,C1=C(C(=O)NC(=O)N1)F,51-21-8,t,130.1,-0.78,556,-3.89,-4.67,2,4,62.8,305,0.1,,,-5.38,-9.26,(Williams and Barry 1991a)
117,5-Fluorouracil,C1=C(C(=O)NC(=O)N1)F,51-21-8,t,130.1,-0.78,556,-3.89,-4.67,2,4,62.8,305,0.1,,,-4.95,-8.84,(Williams and Barry 1991a)
118,5-Fluorouracil,C1=C(C(=O)NC(=O)N1)F,51-21-8,t,130.1,-0.78,556,-3.89,-4.67,2,4,62.8,305,0.1,,,-4.6,-8.49,(Williams and Barry 1991a)
119,5-Fluorouracil,C1=C(C(=O)NC(=O)N1)F,51-21-8,t,130.1,-0.78,556,-3.89,-4.67,2,4,62.8,305,0.1,,,-4.38,-8.26,(Williams and Barry 1991a)
120,5-Fluorouracil,C1=C(C(=O)NC(=O)N1)F,51-21-8,t,130.1,-0.78,556,-3.89,-4.67,2,4,62.8,305,0.1,,,-4.67,-8.55,(Williams and Barry 1991a)
79,"2,4,6-Trichlorophenol",C1=C(C=C(C(=C1Cl)O)Cl)Cl,88-06-2,t,197.5,3.58,342,-5.34,-1.76,1,1,114.4,298,0.1,Repeating the permeation experiment,Flux comparison,-1.23,-6.57,(Roberts et al. 1977)
351,phloroglucinol,C1=C(C=C(C=C1O)O)O,108-73-6,t,126.11,0.16,491.5,-3.86,-3.7,3,3,84.7,310,0.1,,,-2.51,-6.37,(Plessis et al. 2002)
350,pyrogallol,C1=CC(=C(C(=C1)O)O)O,87-66-1,t,126.11,0.97,406,-2.34,-1.37,3,3,84.7,310,0.1,,,-2.81,-5.15,(Plessis et al. 2002)
437,"2,4-Dinitrochlorobenzene",C1=CC(=C(C=C1[N+](=O)[O-])[N+](=O)[O-])Cl,97-00-7,t,202.55,2.05,323,-6.33,-4.28,0,6,146,305,0.128,transepidermal electrical resistance,>4.26 k?,-1.5,-7.83,(Ellison et al. 2020)
438,"2,4-Dinitrochlorobenzene",C1=CC(=C(C=C1[N+](=O)[O-])[N+](=O)[O-])Cl,97-00-7,t,202.55,2.05,323,-6.33,-4.28,0,6,146,305,0.075,transepidermal electrical resistance,>4.26 k?,-1.58,-7.91,(Ellison et al. 2020)
26,"2,4-Dichlorophenol",C1=CC(=C(C=C1Cl)Cl)O,120-83-2,t,163,3.06,318,-4.51,-1.45,1,1,99.4,298,0.1,Repeating the permeation experiment,Flux comparison,-1.22,-5.73,(Roberts et al. 1977)
168,"2,4-dichlorophenol",C1=CC(=C(C=C1Cl)Cl)O,120-83-2,t,163,3.1,315.5,-4.56,-1.46,1,1,129.625,310,0.1,tritiated water permeation,<3e-3,-1.02,-5.58,(Buist et al. 2010)
169,"2,4-dichlorophenol",C1=CC(=C(C=C1Cl)Cl)O,120-83-2,t,163,3.1,315.5,-4.56,-1.46,1,1,129.625,310,0.1,tritiated water permeation,<3e-3,-1.24,-5.8,(Buist et al. 2010)
170,"2,4-dichlorophenol",C1=CC(=C(C=C1Cl)Cl)O,120-83-2,t,163,3.1,315.5,-4.56,-1.46,1,1,129.625,310,0.1,tritiated water permeation,<3e-3,-1.15,-5.71,(Buist et al. 2010)
171,"2,4-dichlorophenol",C1=CC(=C(C=C1Cl)Cl)O,120-83-2,t,163,3.1,315.5,-4.56,-1.46,1,1,129.625,310,0.1,tritiated water permeation,<3e-3,-1.18,-5.74,(Buist et al. 2010)
443,HC Red No. 3; 2-(4-Amino-2-nitroanilino)-ethanol,C1=CC(=C(C=C1N)[N+](=O)[O-])NCCO,1/4/2871,t,197.191,0.661,401,-6.2,-5.54,3,5,137,305,0.075,transepidermal electrical resistance,>4.26 k?,-1.67,-7.87,(Ellison et al. 2020)
444,HC Red No. 3; 2-(4-Amino-2-nitroanilino)-ethanol,C1=CC(=C(C=C1N)[N+](=O)[O-])NCCO,1/4/2871,t,197.191,0.661,401,-6.2,-5.54,3,5,137,305,0.128,transepidermal electrical resistance,>4.26 k?,-2.32,-8.53,(Ellison et al. 2020)
92,4-Amino-2-Nitrophenol,C1=CC(=C(C=C1N)[N+](=O)[O-])O,119-34-6,t,154.1,0.96,399,-4.05,-3.09,3,5,94.6,305,0.1,tritiated water permeation,,-4.07,-8.12,(Bronaugh and Congdon 1984)
407,4-Amino-3-nitrophenol,C1=CC(=C(C=C1O)[N+](=O)[O-])N,610-81-1,t,154.12,1.318,425,-4.24,-2.93,3,5,102,305,0.128,transepidermal electrical resistance,>4.26 k?,-2.27,-6.51,(Ellison et al. 2020)
408,4-Amino-3-nitrophenol,C1=CC(=C(C=C1O)[N+](=O)[O-])N,610-81-1,t,154.12,1.318,425,-4.24,-2.93,3,5,102,305,0.075,transepidermal electrical resistance,>4.26 k?,-2.13,-6.37,(Ellison et al. 2020)
349,"1,2,4-Benzenetriol",C1=CC(=C(C=C1O)O)O,533-73-3,t,126.11,0.8,413.5,-2.34,-1.54,3,3,84.7,310,0.1,,,-3.9,-6.24,(Plessis et al. 2002)
55,m-Nitrophenol; 3-nitrophenol,C1=CC(=CC(=C1)O)[N+](=O)[O-],554-84-7,t,139.1,1.93,370,-4.03,-2.1,1,4,94.4,298,0.1,Repeating the permeation experiment,Flux comparison,-2.25,-6.28,(Roberts et al. 1977)
71,"Resorcinol; 1,3-Benzenediol",C1=CC(=CC(=C1)O)O,108-46-3,t,110.1,0.76,384,-2.19,-1.43,2,2,72.4,298,0.1,Repeating the permeation experiment,Flux comparison,-3.62,-5.81,(Roberts et al. 1977)
347,resorcinol,C1=CC(=CC(=C1)O)O,108-46-3,t,110.11,0.8,384,-2.04,-1.24,2,2,86.3,310,0.1,,,-3.07,-5.11,(Plessis et al. 2002)
455,Resorcinol,C1=CC(=CC(=C1)O)O,108-46-3,t,110.11,0.8,384,-2.1,-1.3,2,2,86.3,305,0.128,transepidermal electrical resistance,>4.26 k?,-2.36,-4.46,(Ellison et al. 2020)
456,Resorcinol,C1=CC(=CC(=C1)O)O,108-46-3,t,110.11,0.8,384,-2.1,-1.3,2,2,86.3,305,0.075,transepidermal electrical resistance,>4.26 k?,-2.42,-4.52,(Ellison et al. 2020)
54,p-Nitrophenol; 4-nitrophenol,C1=CC(=CC=C1[N+](=O)[O-])O,100-02-7,t,139.1,1.91,387,-4,-2.09,1,4,94.4,298,0.1,Repeating the permeation experiment,Flux comparison,-2.25,-6.25,(Roberts et al. 1977)
399,"2,4-Dichloroacetophenone",C1=CC(=CC=C1C(=O)CCl)Cl,937-20-2,t,189.04,1.425,374.5,-5.89,-4.47,0,1,144.3,305,0.128,transepidermal electrical resistance,>4.26 k?,-1.86,-7.75,(Ellison et al. 2020)
400,"2,4-Dichloroacetophenone",C1=CC(=CC=C1C(=O)CCl)Cl,937-20-2,t,189.04,1.425,374.5,-5.89,-4.47,0,1,144.3,305,0.075,transepidermal electrical resistance,>4.26 k?,-0.74,-6.63,(Ellison et al. 2020)
43,alfa-(4-Hydroxyphenyl) acetamide,C1=CC(=CC=C1CC(=O)N)O,17194-82-0,t,151.2,-0.09,450,-3.85,-3.94,3,3,96,310,0.01,,,-3.35,-7.2,(Anderson and Raykar 1989)
42,4-Hydroxybenzyl alcohol,C1=CC(=CC=C1CO)O,623-05-2,t,124.1,0.32,393,-4.05,-3.73,2,2,88.5,310,0.01,,,-2.7,-6.75,(Anderson and Raykar 1989)
65,p-Phenylenediamine,C1=CC(=CC=C1N)N,106-50-3,t,108.1,-0.25,419,-3.35,-3.6,4,2,90.8,305,0.1,tritiated water permeation,,-3.62,-6.97,(Bronaugh and Congdon 1984)
409,4-Bromophenyl isocyanate,C1=CC(=CC=C1N=C=O)Br,2/9/2493,t,198.02,3.48,316,-5.62,-2.14,0,2,131.1,305,0.128,transepidermal electrical resistance,>4.26 k?,-1.75,-7.37,(Ellison et al. 2020)
410,4-Bromophenyl isocyanate,C1=CC(=CC=C1N=C=O)Br,2/9/2493,t,198.02,3.48,316,-5.62,-2.14,0,2,131.1,305,0.075,transepidermal electrical resistance,>4.26 k?,-1.84,-7.46,(Ellison et al. 2020)
6,p-Bromophenol,C1=CC(=CC=C1O)Br,106-41-3,t,173,2.49,337,-4.06,-1.57,1,1,96.4,298,0.1,Repeating the permeation experiment,Flux comparison,-1.44,-5.5,(Roberts et al. 1977)
12,p-Chlorophenol,C1=CC(=CC=C1O)Cl,106-48-9,t,128.6,2.43,317,-3.72,-1.29,1,1,90.4,298,0.1,Repeating the permeation experiment,Flux comparison,-1.45,-5.17,(Roberts et al. 1977)
197,Hydroquinone,C1=CC(=CC=C1O)O,123-31-9,t,110.11,0.62,446.5,-4.1,-3.48,2,2,104.625,303,0.1,tritiated water permeation,<1.5e-3,-5.03,-9.13,(Barber et al. 1995)
348,hydroquinone,C1=CC(=CC=C1O)O,123-31-9,t,110.11,0.59,445.3,-3.01,-2.42,2,2,86.3,310,0.1,,,-2.95,-5.96,(Plessis et al. 2002)
397,Hydroquinone,C1=CC(=CC=C1O)O,123-31-9,t,110.11,0.62,446.5,-4.1,-3.48,2,2,104.625,305,0.128,transepidermal electrical resistance,>4.26 k?,-2.42,-6.54,(Ellison et al. 2020)
398,Hydroquinone,C1=CC(=CC=C1O)O,123-31-9,t,110.11,0.62,446.5,-4.1,-3.48,2,2,104.625,305,0.075,transepidermal electrical resistance,>4.26 k?,-1.9,-6,(Ellison et al. 2020)
371,salicylate,C1=CC=C(C(=C1)C(=O)O)[O-],63-36-5,t,137.11,2.06,432,-2.04,0.02,1,3,90.9,305,0.1,tritiated water permeation,,-4.22,-6.26,(Hirvonen et al. 1998)
373,salicylate,C1=CC=C(C(=C1)C(=O)O)[O-],63-36-5,t,137.11,2.06,432,-2.04,0.02,1,3,90.9,305,0.1,tritiated water permeation,,-3.7,-5.74,(Hirvonen et al. 1998)
375,salicylate,C1=CC=C(C(=C1)C(=O)O)[O-],63-36-5,t,137.11,2.06,432,-2.04,0.02,1,3,90.9,305,0.1,tritiated water permeation,,-3.98,-6.02,(Hirvonen et al. 1998)
139,Salicylic acid,C1=CC=C(C(=C1)C(=O)O)O,69-72-7,t,138.1,2.06,432,-4.61,-2.55,2,3,90.9,310,0.1,,,-1.35,-5.96,(Smith and Irwin 2000)
152,Salicylic acid,C1=CC=C(C(=C1)C(=O)O)O,69-72-7,t,138.1,2.06,432,-4.8,-2.74,2,3,90.9,310,0.1,tritiated water permeation,<3e-3,-3.03,-7.83,(Buist et al. 2010)
64,o-Phenylenediamine,C1=CC=C(C(=C1)N)N,95-54-5,t,108.1,0.15,377,-3.42,-3.27,4,2,90.8,305,0.1,tritiated water permeation,,-3.35,-6.77,(Bronaugh and Congdon 1984)
13,o-Chlorophenol,C1=CC=C(C(=C1)O)Cl,95-57-8,t,128.6,2.15,282,-3.77,-1.62,1,1,90.4,298,0.1,Repeating the permeation experiment,Flux comparison,-1.48,-5.25,(Roberts et al. 1977)
346,catechol,C1=CC=C(C(=C1)O)O,120-80-9,t,110.11,0.88,378,-2.23,-1.35,2,2,86.3,310,0.1,,,-2.51,-4.74,(Plessis et al. 2002)
419,Benzophenone,C1=CC=C(C=C1)C(=O)C2=CC=CC=C2,119-61-9,t,182.218,3.18,323,-6.05,-2.87,0,1,167.5,305,0.128,transepidermal electrical resistance,>4.26 k?,-1.14,-7.19,(Ellison et al. 2020)
420,Benzophenone,C1=CC=C(C=C1)C(=O)C2=CC=CC=C2,119-61-9,t,182.218,3.18,323,-6.05,-2.87,0,1,167.5,305,0.075,transepidermal electrical resistance,>4.26 k?,-1.25,-7.3,(Ellison et al. 2020)
2,Benzoic acid,C1=CC=C(C=C1)C(=O)O,65-85-0,t*,122.1,1.9,395,-4.39,-2.49,1,2,99.9,308,0.01,,,-1.51,-5.9,(Parry et al. 1990)
3,Benzoic acid,C1=CC=C(C=C1)C(=O)O,65-85-0,t*,122.1,1.9,395,-4.39,-2.49,1,2,99.9,308,0.1,,,-1.51,-5.9,(Parry et al. 1990)
142,benzoic acid,C1=CC=C(C=C1)C(=O)O,65-85-0,t,122.1,1.56,395,-4.39,-2.83,1,2,99.9,310,0.1,tritiated water permeation,<3e-3,-2.12,-6.51,(Buist et al. 2010)
457,trans-Cinnamaldehyde,C1=CC=C(C=C1)C=CC=O,14371-10-9,t,132.16,2.123,265,-4.91,-2.79,0,1,127.7,305,0.128,transepidermal electrical resistance,>4.26 k?,-1.38,-6.29,(Ellison et al. 2020)
458,trans-Cinnamaldehyde,C1=CC=C(C=C1)C=CC=O,14371-10-9,t,132.16,2.123,265,-4.91,-2.79,0,1,127.7,305,0.075,transepidermal electrical resistance,>4.26 k?,-1.55,-6.46,(Ellison et al. 2020)
427,Cinnamyl alcohol,C1=CC=C(C=C1)C=CCO,104-54-1,t,134.18,1.791,304.5,-4.8,-3.01,1,1,127.9,305,0.128,transepidermal electrical resistance,>4.26 k?,-1.48,-6.28,(Ellison et al. 2020)
428,Cinnamyl alcohol,C1=CC=C(C=C1)C=CCO,104-54-1,t,134.18,1.791,304.5,-4.8,-3.01,1,1,127.9,305,0.075,transepidermal electrical resistance,>4.26 k?,-1.54,-6.35,(Ellison et al. 2020)
421,Benzyl bromide,C1=CC=C(C=C1)CBr,100-39-0,t,171.03,2.92,270,-5.59,-2.67,0,0,118.9,305,0.128,transepidermal electrical resistance,>4.26 k?,-1.89,-7.48,(Ellison et al. 2020)
422,Benzyl bromide,C1=CC=C(C=C1)CBr,100-39-0,t,171.03,2.92,270,-5.59,-2.67,0,0,118.9,305,0.075,transepidermal electrical resistance,>4.26 k?,-1.55,-7.13,(Ellison et al. 2020)
266,5-phenylpentanol,C1=CC=C(C=C1)CCCCCO,10521-91-2,t*,164.24,2.89,310.95,-5.34,-2.45,1,1,169.3,310,0.1,0.5% w/w phenol red solution,,-0.95,-6.29,(Copovi et al. 2006)
265,4-phenylbutanol,C1=CC=C(C=C1)CCCCO,3360-41-6,t*,150.22,2.33,300.5,-4.68,-2.35,1,1,152.8,310,0.1,0.5% w/w phenol red solution,,-1.08,-5.76,(Copovi et al. 2006)
63,2-Phenylethanol,C1=CC=C(C=C1)CCO,60-12-8,t,122.2,1.36,259,-3.74,-2.38,1,1,113.6,298,0.1,,,-2.12,-5.86,(Roberts 1976)
264,2-phenylethanol,C1=CC=C(C=C1)CCO,60-12-8,t*,122.16,1.34,246,-3.69,-2.35,1,1,119.8,310,0.1,0.5% w/w phenol red solution,,-1.26,-4.95,(Copovi et al. 2006)
4,Benzyl alcohol,C1=CC=C(C=C1)CO,100-51-6,t,108.1,1.04,258,-3.4,-2.36,1,1,97.5,298,0.1,,,-2.22,-5.62,(Roberts 1976)
60,Phenol,C1=CC=C(C=C1)O,108-95-2,t,94.1,1.48,314,-2.92,-1.44,1,1,81.4,310,0.1,tritiated water permeation,< 0.0025 ,-1.71,-4.63,(Singh and Roberts 1994a)
61,Phenol,C1=CC=C(C=C1)O,108-95-2,t,94.1,1.48,314,-3.09,-1.61,1,1,81.4,295,0.1,,,-3.83,-6.91,(Southwell et al. 1984)
62,Phenol,C1=CC=C(C=C1)O,108-95-2,t,94.1,1.48,314,-3.08,-1.6,1,1,81.4,298,0.1,Repeating the permeation experiment,Flux comparison,-2.09,-5.17,(Roberts et al. 1977)
345,phenol,C1=CC=C(C=C1)O,108-95-2,t,94.11,1.46,314,-2.92,-1.46,1,1,81.4,310,0.1,,,-2.03,-4.95,(Plessis et al. 2002)
305,Naphthol,C1=CC=C2C(=C1)C=CC=C2O,90-15-3,t,144.17,2.840106094,368.5,-5.22,-2.38,1,1,122,298,0.1,transepidermal electrical resistance,>50 k?cm2,-1.59,-6.81,(Mitragotri et al. 2000)
313,Naphthol,C1=CC=C2C(=C1)C=CC=C2O,90-15-3,t,144.17,2.840106094,368.5,-5.22,-2.38,1,1,122,298,0.1,transepidermal electrical resistance,>50 k?cm2,-1.52,-6.74,(Mitragotri et al. 2001)
51,Beta-naphthol; 2-naphthol,C1=CC=C2C=C(C=CC2=C1)O,135-19-3,t,144.2,2.71,396,-5.16,-2.45,1,1,109,298,0.1,Repeating the permeation experiment,Flux comparison,-1.55,-6.71,(Roberts et al. 1977)
218,Beta-naphthol; 2-naphthol,C1=CC=C2C=C(C=CC2=C1)O,135-19-3,t,144,2.71,396,-5.08,-2.37,1,1,121.9,305,0.1,transepidermal electrical resistance,>50 k?/cm2,-1.2,-6.28,(Zhang et al. 2009)
451,Naphthalene,C1=CC=C2C=CC=CC2=C1,91-20-3,t,128.17,3.3,354,-6.55,-3.25,0,0,123.5,305,0.128,transepidermal electrical resistance,>4.26 k?,-1.78,-8.33,(Ellison et al. 2020)
452,Naphthalene,C1=CC=C2C=CC=CC2=C1,91-20-3,t,128.17,3.3,354,-6.55,-3.25,0,0,123.5,305,0.075,transepidermal electrical resistance,>4.26 k?,-1.55,-8.1,(Ellison et al. 2020)
1,Benzene,C1=CC=CC=C1,71-43-0,t*,78.1,2.22,279,-4.64,-2.42,0,0,90.4,304,0.1,electrical conductivity,,-0.95,-5.59,(Blank and McAuliffe 1985)
208,Benzene,C1=CC=CC=C1,71-43-0,t,78.1,2.22,279,-4.64,-2.42,0,0,90.4,298,0.1,transepidermal electrical resistance,,-0.8,-5.43,(Mitragotri et al. 1995)
255,Naltrexone,C1CC1CN2CCC34C5C(=O)CCC3(C2CC6=C4C(=C(C=C6)O)O5)O,16590-41-3,t,341.4,1.92,442,-5.54,-3.62,2,5,230.9,310,0.1,transepidermal electrical resistance,>20 k?,-2.67,-8.21,(Krishnan et al. 2010)
429,Cyclophosphamide monohydrate,C1CNP(=O)(OC1)N(CCCl)CCCl.O,6055-19-2,t,279.1,0.76,324,-3.77,-3.01,2,5,N/A,305,0.128,transepidermal electrical resistance,>4.26 k?,-2.54,-6.31,(Ellison et al. 2020)
430,Cyclophosphamide monohydrate,C1CNP(=O)(OC1)N(CCCl)CCCl.O,6055-19-2,t,279.1,0.76,324,-3.77,-3.01,2,5,N/A,305,0.075,transepidermal electrical resistance,>4.26 k?,-2.91,-6.68,(Ellison et al. 2020)
441,Geraniol,CC(=CCCC(=CCO)C)C,106-24-1,t,154.25,3.56,258,-6.13,-2.57,1,1,177.9,305,0.128,transepidermal electrical resistance,>4.26 k?,-1.01,-7.14,(Ellison et al. 2020)
442,Geraniol,CC(=CCCC(=CCO)C)C,106-24-1,t,154.25,3.56,258,-6.13,-2.57,1,1,177.9,305,0.075,transepidermal electrical resistance,>4.26 k?,-0.99,-7.12,(Ellison et al. 2020)
423,Benzylideneacetone,CC(=O)C=CC1=CC=CC=C1,122-57-6,t,146.19,2.149,313,-4.95,-2.8,0,1,144,305,0.128,transepidermal electrical resistance,>4.26 k?,-1.12,-6.07,(Ellison et al. 2020)
424,Benzylideneacetone,CC(=O)C=CC1=CC=CC=C1,122-57-6,t,146.19,2.149,313,-4.95,-2.8,0,1,144,305,0.075,transepidermal electrical resistance,>4.26 k?,-1.41,-6.36,(Ellison et al. 2020)
186,Hydroxypregnenolone,CC(=O)C1(CCC2C1(CCC3C2CC=C4C3(CCC(C4)O)C)C)O,387-79-1,t,332.5,3.75,541.5,-4.81,-1.06,2,3,287.4,299,0.1,,,-3.22,-8.03,(Scheuplein et al. 1969)
44,17-alfa-Hydroxyprogesterone,CC(=O)C1(CCC2C1(CCC3C2CCC4=CC(=O)CCC34C)C)O,68-96-2,t,330.5,2.89,496,-7.72,-4.83,1,3,270.1,299,0.1,,,-3.22,-10.94,(Scheuplein et al. 1969)
417,Acetophenone,CC(=O)C1=CC=CC=C1,98-86-2,t,120.15,1.58,293,-4.23,-2.65,0,1,121,305,0.128,transepidermal electrical resistance,>4.26 k?,-1.56,-5.79,(Ellison et al. 2020)
418,Acetophenone,CC(=O)C1=CC=CC=C1,98-86-2,t,120.15,1.58,293,-4.23,-2.65,0,1,121,305,0.075,transepidermal electrical resistance,>4.26 k?,-1.63,-5.85,(Ellison et al. 2020)
67,Pregnenolone,CC(=O)C1CCC2C1(CCC3C2CC=C4C3(CCC(C4)O)C)C,145-13-1,t,316.5,4.52,466,-7.82,-3.3,1,2,278.7,299,0.1,,,-2.82,-10.65,(Scheuplein et al. 1969)
68,Progesterone,CC(=O)C1CCC2C1(CCC3C2CCC4=CC(=O)CCC34C)C,57-83-0,t,314.5,4.04,394,-7.54,-3.5,0,2,278.3,299,0.1,,,-2.82,-10.37,(Scheuplein et al. 1969)
190,Progesterone,CC(=O)C1CCC2C1(CCC3C2CCC4=CC(=O)CCC34C)C,57-83-0,t,314.45999,3.77,394,-7.54,-3.77,0,2,278.3,310,0.1,,,-1.52,-9.06,(Johnson et al.1995)
212,Progesterone,CC(=O)C1CCC2C1(CCC3C2CCC4=CC(=O)CCC34C)C,57-83-0,t,314.5,4.04,394,-7.54,-3.5,0,2,278.3,298,0.1,transepidermal electrical resistance,,-1.89,-9.42,(Mitragotri et al. 1995)
307,Progesterone,CC(=O)C1CCC2C1(CCC3C2CCC4=CC(=O)CCC34C)C,57-83-0,t,314.45999,3.769967801,394,-7.55,-3.78,0,2,278.3,298,0.1,transepidermal electrical resistance,>50 k?cm2,-1.7,-9.25,(Mitragotri et al. 2000)
471,Progesterone,CC(=O)C1CCC2C1(CCC3C2CCC4=CC(=O)CCC34C)C,57-83-0,t*,314.5,4.04,394,-7.43,-3.39,0,2,278.3,308,0.1,transepidermal electrical resistance,,-1.7,-9.26,(Magnusson et al. 2006)
401,2-(Acetylamino)fluorene,CC(=O)NC1=CC2=C(C=C1)C3=CC=CC=C3C2,53-96-3,t,223.27,3.12,467,-7.44,-4.32,1,1,181.4,305,0.128,transepidermal electrical resistance,>4.26 k?,-1.11,-8.55,(Ellison et al. 2020)
402,2-(Acetylamino)fluorene,CC(=O)NC1=CC2=C(C=C1)C3=CC=CC=C3C2,53-96-3,t,223.27,3.12,467,-7.44,-4.32,1,1,181.4,305,0.075,transepidermal electrical resistance,>4.26 k?,-1.16,-8.61,(Ellison et al. 2020)
154,acetic acid,CC(=O)O,64-19-7,t,60.05,-0.17,289.6,-1.75,-1.92,1,2,56.2,310,0.1,tritiated water permeation,<3e-3,-2.4,-4.15,(Buist et al. 2010)
155,acetic acid,CC(=O)O,64-19-7,t,60.05,-0.17,289.6,-1.75,-1.92,1,2,56.2,310,0.1,tritiated water permeation,<3e-3,-2.49,-4.24,(Buist et al. 2010)
156,acetic acid,CC(=O)O,64-19-7,t,60.05,-0.17,289.6,-1.75,-1.92,1,2,56.2,310,0.1,tritiated water permeation,<3e-3,-2.85,-4.6,(Buist et al. 2010)
157,acetic acid,CC(=O)O,64-19-7,t,60.05,-0.17,289.6,-1.75,-1.92,1,2,56.2,310,0.1,tritiated water permeation,<3e-3,-3.05,-4.8,(Buist et al. 2010)
158,acetic acid,CC(=O)O,64-19-7,t,60.05,-0.17,289.6,-1.75,-1.92,1,2,56.2,310,0.1,tritiated water permeation,<3e-3,-3.1,-4.85,(Buist et al. 2010)
7,"2,3-Butanediol",CC(C(C)O)O,513-85-9,t,90.1,-0.99,298,-1.96,-2.95,2,2,91,303,0.1,,,-4.3,-6.25,(Blank et al. 1967)
223,o-t-butylphenol,CC(C)(C)C1=CC=CC=C1O,88-18-6,t,150,3.17,266.2,-5.38,-2.21,1,1,154.5,305,0.1,transepidermal electrical resistance,>50 k?/cm2,-1.13,-6.51,(Zhang et al. 2009)
330,Nadolol,CC(C)(C)NCC(COC1=CC=CC2=C1CC(C(C2)O)O)O,42200-33-9,t,309.4,-1.06,403,-4.36,-5.42,4,5,260,310,0.1,Visual check,,-4.1,-8.46,(Suhonen et al. 2003)
333,Timolol,CC(C)(C)NCC(COC1=NSN=C1N2CCOCC2)O,26839-75-8,t,316.42,1.83,345,-5.89,-4.06,2,8,258.5,310,0.1,Visual check,,-3.54,-9.42,(Suhonen et al. 2003)
382,Timolol,CC(C)(C)NCC(COC1=NSN=C1N2CCOCC2)O,26839-75-8,t,316.42,1.83,345,-5.96,-4.13,2,8,258.5,305,0.1,tritiated water permeation,,-3.57,-9.53,(Hirvonen et al. 1998b)
359,sotalol,CC(C)NCC(C1=CC=C(C=C1)NS(=O)(=O)C)O,3930-20-9,t,272.36,0.24,479.75,-5.43,-5.19,3,5,219.7,305,0.1,tritiated water permeation,,-3.99,-9.43,(Hirvonen et al. 1998)
361,sotalol,CC(C)NCC(C1=CC=C(C=C1)NS(=O)(=O)C)O,3930-20-9,t,272.36,0.24,479.75,-5.43,-5.19,3,5,219.7,305,0.1,tritiated water permeation,,-4,-9.44,(Hirvonen et al. 1998)
363,sotalol,CC(C)NCC(C1=CC=C(C=C1)NS(=O)(=O)C)O,3930-20-9,t,272.36,0.24,479.75,-5.43,-5.19,3,5,219.7,305,0.1,tritiated water permeation,,-4.03,-9.46,(Hirvonen et al. 1998)
365,sotalol,CC(C)NCC(C1=CC=C(C=C1)NS(=O)(=O)C)O,3930-20-9,t,272.36,0.24,479.75,-5.43,-5.19,3,5,219.7,305,0.1,tritiated water permeation,,-4.02,-9.45,(Hirvonen et al. 1998)
367,sotalol,CC(C)NCC(C1=CC=C(C=C1)NS(=O)(=O)C)O,3930-20-9,t,272.36,0.24,479.75,-5.43,-5.19,3,5,219.7,305,0.1,tritiated water permeation,,-4.17,-9.61,(Hirvonen et al. 1998)
369,sotalol,CC(C)NCC(C1=CC=C(C=C1)NS(=O)(=O)C)O,3930-20-9,t,272.36,0.24,479.75,-5.43,-5.19,3,5,219.7,305,0.1,tritiated water permeation,,-3.1,-8.53,(Hirvonen et al. 1998)
377,Sotalol,CC(C)NCC(C1=CC=C(C=C1)NS(=O)(=O)C)O,3930-20-9,t,272.36,0.24,479.75,-5.43,-5.19,3,5,219.7,305,0.1,tritiated water permeation,,-4.32,-9.75,(Hirvonen et al. 1993)
380,Sotalol,CC(C)NCC(C1=CC=C(C=C1)NS(=O)(=O)C)O,3930-20-9,t,272.36,0.24,479.75,-5.43,-5.19,3,5,219.7,305,0.1,tritiated water permeation,,-4.18,-9.61,(Hirvonen et al. 1998b)
329,Atenolol,CC(C)NCC(COC1=CC=C(C=C1)CC(=O)N)O,29122-68-7,t,266,-1.77,428,-4.92,-6.69,4,5,201.5,310,0.1,Visual check,,-3.97,-8.89,(Suhonen et al. 2003)
332,Metoprolol,CC(C)NCC(COC1=CC=C(C=C1)CCOC)O,51384-51-1,t,267,0.03,397,-3.4,-3.37,2,4,237.4,310,0.1,Visual check,,-3.52,-6.92,(Suhonen et al. 2003)
334,Alprenolol,CC(C)NCC(COC1=CC=CC=C1CC=C)O,13655-52-2,t,249,0.65,381,-2.46,-1.81,2,3,247.5,310,0.1,Visual check,,-2.79,-5.24,(Suhonen et al. 2003)
331,Pindolol,CC(C)NCC(COC1=CC=CC2=C1C=CN2)O,13523-86-9,t,248.32,-0.33,442,-6.64,-6.97,3,4,215.5,310,0.1,Visual check,,-3.7,-10.35,(Suhonen et al. 2003)
394,Tetraethylammonium bromide (+),CC[N+](CC)(CC)CC.[Br-],71-91-0,t,130.25,-2.82,559,-1.85,-4.67,0,1,189.4,310,0.1,transepidermal electrical resistance,? 15 k?cm2,-3.37,-5.22,(Peck et al. 1993)
395,Tetraethylammonium ,CC[N+](CC)(CC)CC.[Br-],71-91-0,t,130.3,-2.82,559,-2.11,-4.93,0,1,189.4,298,0.1,Visual check,,-3.25,-5.37,(Sims et al. 1992)
447,Isoeugenol,CC=CC1=CC(=C(C=C1)O)OC,97-54-1,t,164.2,2.354,263,-5.25,-2.89,1,2,152.8,305,0.128,transepidermal electrical resistance,>4.26 k?,-1.41,-6.66,(Ellison et al. 2020)
448,Isoeugenol,CC=CC1=CC(=C(C=C1)O)OC,97-54-1,t,164.2,2.354,263,-5.25,-2.89,1,2,152.8,305,0.075,transepidermal electrical resistance,>4.26 k?,-1.75,-6.99,(Ellison et al. 2020)
78,Triamcinolone acetonide,CC1(OC2CC3C4CCC5=CC(=O)C=CC5(C4(C(CC3(C2(O1)C(=O)CO)C)O)F)C)C,76-25-5,t,434.5,2.6,566,-7.38,-4.78,2,6,292.3,298,0.01,tritiated water permeation,,-4.71,-12.08,(Siddiqui et al. 1989)
275,Triamcinolone acetonide,CC1(OC2CC3C4CCC5=CC(=O)C=CC5(C4(C(CC3(C2(O1)C(=O)CO)C)O)F)C)C,76-25-5,t,434.5,2.6,566,-7.32,-4.72,2,6,434.5,310,0.1,tritiated water permeation,< 1.6 �L/cm2,-3.4,-10.72,(Intarakumhaeng et al. 2017)
221,Iso-thymol; Carvacrol,CC1=C(C=C(C=C1)C(C)C)O,499-75-2,t,150,3.28,276.5,-5.05,-1.77,1,1,154.2,305,0.1,transepidermal electrical resistance,>50 k?/cm2,-1.25,-6.31,(Zhang et al. 2009)
87,"3,4-Xylenol",CC1=C(C=C(C=C1)O)C,95-65-8,t,122.2,2.23,334,-4.39,-2.16,1,1,110.4,298,0.1,Repeating the permeation experiment,Flux comparison,-1.44,-5.83,(Roberts et al. 1977)
11,Chlorocresol,CC1=C(C=CC(=C1)O)Cl,59-50-7,t,142.6,3.1,340,-4.46,-1.36,1,1,104.9,298,0.1,Repeating the permeation experiment,Flux comparison,-1.26,-5.72,(Roberts et al. 1977)
219,chlorocresol,CC1=C(C=CC(=C1)O)Cl,59-50-7,t,143,2.89,340,-4.46,-1.57,1,1,116,305,0.1,transepidermal electrical resistance,>50 k?/cm2,-1.44,-5.9,(Zhang et al. 2009)
220,chlorocresol,CC1=C(C=CC(=C1)O)Cl,59-50-7,t,143,2.89,340,-4.46,-1.57,1,1,116,305,0.1,transepidermal electrical resistance,>50 k?/cm2,-1.86,-6.32,(Zhang et al. 2009)
75,Thymol; 2-Isopropyl-5-methylphenol,CC1=CC(=C(C=C1)C(C)C)O,89-83-8,t,150.2,3.28,325,-5.17,-1.89,1,1,142.9,298,0.1,Repeating the permeation experiment,Flux comparison,-1.28,-6.45,(Roberts et al. 1977)
222,Thymol; 2-Isopropyl-5-methylphenol,CC1=CC(=C(C=C1)C(C)C)O,89-83-8,t,150.2,3.28,325,-5.21,-1.93,1,1,154.2,305,0.1,transepidermal electrical resistance,>50 k?/cm2,-1.21,-6.42,(Zhang et al. 2009)
14,Chloroxylenol,CC1=CC(=CC(=C1Cl)C)O,88-04-0,t,156.6,3.35,389,-5.72,-2.37,1,1,119.4,298,0.1,Repeating the permeation experiment,Flux comparison,-1.23,-6.95,(Roberts et al. 1977)
224,chloroxylenol,CC1=CC(=CC(=C1Cl)C)O,88-04-0,t,156,3.35,388,-5.53,-2.18,1,1,132.3,305,0.1,transepidermal electrical resistance,>50 k?/cm2,-1.09,-6.63,(Zhang et al. 2009)
24,m-Cresol,CC1=CC(=CC=C1)O,108-39-4,t,108.1,1.96,285,-3.64,-1.68,1,1,95.9,298,0.1,Repeating the permeation experiment,Flux comparison,-1.81,-5.45,(Roberts et al. 1977)
411,p-Tolunitrile,CC1=CC=C(C=C1)C#N,104-85-8,t,117.15,1.87,301,-5,-3.13,0,1,116.1,305,0.128,transepidermal electrical resistance,>4.26 k?,-1.51,-6.51,(Ellison et al. 2020)
412,p-Tolunitrile,CC1=CC=C(C=C1)C#N,104-85-8,t,117.15,1.87,301,-5,-3.13,0,1,116.1,305,0.075,transepidermal electrical resistance,>4.26 k?,-1.34,-6.34,(Ellison et al. 2020)
21,p-Cresol,CC1=CC=C(C=C1)O,106-44-5,t,108.1,1.94,309,-3.72,-1.78,1,1,95.9,298,0.1,Repeating the permeation experiment,Flux comparison,-1.75,-5.47,(Roberts et al. 1977)
22,p-Cresol,CC1=CC=C(C=C1)O,106-44-5,t,108.1,1.95,309,-3.6,-1.65,1,1,95.9,310,0.01,,,-0.92,-4.52,(Anderson and Raykar 1989)
76,Toluene,CC1=CC=CC=C1,108-88-3,t,92.1,2.68,178,-5.24,-2.56,0,0,104.9,310,0.01,,,-0.08,-5.33,(Anderson and Raykar 1989)
23,o-Cresol,CC1=CC=CC=C1O,95-48-7,t,108.1,1.95,303,-3.64,-1.69,1,1,95.9,298,0.1,Repeating the permeation experiment,Flux comparison,-1.8,-5.44,(Roberts et al. 1977)
413,6-Methylcoumarin,CC1=CC2=C(C=C1)OC(=O)C=C2,92-48-8,t,160.17,1.414,347.5,-3.57,-2.16,0,2,133.4,305,0.128,transepidermal electrical resistance,>4.26 k?,-1.33,-4.9,(Ellison et al. 2020)
414,6-Methylcoumarin,CC1=CC2=C(C=C1)OC(=O)C=C2,92-48-8,t,160.17,1.414,347.5,-3.57,-2.16,0,2,133.4,305,0.075,transepidermal electrical resistance,>4.26 k?,-1.18,-4.75,(Ellison et al. 2020)
77,Triamcinolone,CC12CC(C3(C(C1CC(C2(C(=O)CO)O)O)CCC4=CC(=O)C=CC43C)F)O,124-94-7,t,394.5,1.03,543,-6.7,-5.67,4,6,240.9,298,0.01,tritiated water permeation,,-5.4,-12.09,(Siddiqui et al. 1989)
66,Prednisolone,CC12CC(C3C(C1CCC2(C(=O)CO)O)CCC4=CC(=O)C=CC34C)O,50-24-8,t,360.4,1.69,514,-6.21,-4.52,3,5,248.2,298,0.01,tritiated water permeation,,-4.33,-10.54,(Siddiqui et al. 1989)
20,Cortisone,CC12CCC(=O)C=C1CCC3C2C(=O)CC4(C3CCC4(C(=O)CO)O)C,53-06-5,t,360.5,1.24,495,-6.09,-4.85,2,5,257.4,299,0.1,,,-5,-11.09,(Scheuplein et al. 1969)
144,cortisone,CC12CCC(=O)C=C1CCC3C2C(=O)CC4(C3CCC4(C(=O)CO)O)C,53-06-5,t,360.5,1.24,495,-6.11,-4.87,2,5,257.4,310,0.1,tritiated water permeation,<3e-3,-3.82,-9.93,(Buist et al. 2010)
40,Hydrocortisone ,CC12CCC(=O)C=C1CCC3C2C(CC4(C3CCC4(C(=O)CO)O)C)O,50-23-7,t,362.5,1.43,493,-6.04,-4.61,3,5,255.6,299,0.1,,,-5.52,-11.56,(Scheuplein et al. 1969)
41,Hydrocortisone ,CC12CCC(=O)C=C1CCC3C2C(CC4(C3CCC4(C(=O)CO)O)C)O,50-23-7,t,362.5,1.43,493,-6.06,-4.63,3,5,255.6,298,0.01,tritiated water permeation,,-5.53,-11.6,(Siddiqui et al. 1989)
188,Hydrocortisone,CC12CCC(=O)C=C1CCC3C2C(CC4(C3CCC4(C(=O)CO)O)C)O,50-23-7,t,362.45999,1.76,493,-6.06,-4.3,3,5,362.5,310,0.1,,,-3.64,-9.69,(Johnson et al.1995)
445,Hydrocortisone,CC12CCC(=O)C=C1CCC3C2C(CC4(C3CCC4(C(=O)CO)O)C)O,50-23-7,t,362.5,1.43,493,-5.94,-4.51,3,5,255.6,305,0.128,transepidermal electrical resistance,>4.26 k?,-2.68,-8.63,(Ellison et al. 2020)
446,Hydrocortisone,CC12CCC(=O)C=C1CCC3C2C(CC4(C3CCC4(C(=O)CO)O)C)O,50-23-7,t,362.5,1.43,493,-5.94,-4.51,3,5,255.6,305,0.075,transepidermal electrical resistance,>4.26 k?,-2.02,-7.96,(Ellison et al. 2020)
468,Hydrocortisone,CC12CCC(=O)C=C1CCC3C2C(CC4(C3CCC4(C(=O)CO)O)C)O,50-23-7,t*,362.5,1.43,493,-5.9,-4.47,3,5,255.6,308,0.1,transepidermal electrical resistance,,-3.64,-9.69,(Magnusson et al. 2006)
90,Hydrocortisone-21-hemisuccinate,CC12CCC(=O)C=C1CCC3C2C(CC4(C3CCC4(C(=O)COC(=O)CCC(=O)O)O)C)O,2203-97-6,t*,462.5,2.113943352,444,-6.71,-4.6,3,8,345.6,310,0.01,,,-3.2,-9.91,"(Anderson et al. 1988), (Raykar 1988)"
16,Corticosterone,CC12CCC(=O)C=C1CCC3C2C(CC4(C3CCC4C(=O)CO)C)O,50-22-6,t,346.5,1.76,454,-6.21,-4.45,2,4,263.8,300,0.1,transepidermal electrical resistance,20-130 Kohmcm2,-3.27,-9.47,(Peck et al. 1995)
17,Corticosterone,CC12CCC(=O)C=C1CCC3C2C(CC4(C3CCC4C(=O)CO)C)O,50-22-6,t,346.5,1.76,454,-6.23,-4.47,2,4,263.8,299,0.1,,,-4.22,-10.45,(Scheuplein et al. 1969)
18,Corticosterone,CC12CCC(=O)C=C1CCC3C2C(CC4(C3CCC4C(=O)CO)C)O,50-22-6,t,346.5,1.76,454,-6.24,-4.48,2,4,263.8,298,0.01,tritiated water permeation,,-4.68,-10.92,(Siddiqui et al. 1989)
19,Corticosterone,CC12CCC(=O)C=C1CCC3C2C(CC4(C3CCC4C(=O)CO)C)O,50-22-6,t,346.5,1.76,454,-6.04,-4.28,2,4,263.8,312,0.1,transepidermal electrical resistance,20-130 Kohmcm2,-2.59,-8.63,(Peck et al. 1995)
204,Corticosterone,CC12CCC(=O)C=C1CCC3C2C(CC4(C3CCC4C(=O)CO)C)O,50-22-6,t,346,1.76,454,-6.24,-4.48,2,4,263.8,298,0.1,transepidermal electrical resistance,,-3.52,-9.77,(Mitragotri et al. 1996)
210,Corticosterone,CC12CCC(=O)C=C1CCC3C2C(CC4(C3CCC4C(=O)CO)C)O,50-22-6,t,346.5,1.76,454,-6.21,-4.45,2,4,263.8,298,0.1,transepidermal electrical resistance,,-3.52,-9.73,(Mitragotri et al. 1995)
226,Corticosterone,CC12CCC(=O)C=C1CCC3C2C(CC4(C3CCC4C(=O)CO)C)O,50-22-6,t,346.5,1.76,454,-6.07,-4.31,2,4,263.8,310,0.1,transepidermal electrical resistance,>15 k? cm2,-2.94,-9.01,(Chantasart et al. 2007)
227,Corticosterone,CC12CCC(=O)C=C1CCC3C2C(CC4(C3CCC4C(=O)CO)C)O,50-22-6,t,346.5,1.76,454,-6.07,-4.31,2,4,263.8,310,0.1,transepidermal electrical resistance,>15 k? cm2,-2.75,-8.82,(Chantasart et al. 2007)
228,Corticosterone,CC12CCC(=O)C=C1CCC3C2C(CC4(C3CCC4C(=O)CO)C)O,50-22-6,t,346.5,1.76,454,-6.07,-4.31,2,4,263.8,310,0.1,transepidermal electrical resistance,>15 k? cm2,-2.43,-8.5,(Chantasart et al. 2007)
229,Corticosterone,CC12CCC(=O)C=C1CCC3C2C(CC4(C3CCC4C(=O)CO)C)O,50-22-6,t,346.5,1.76,454,-6.07,-4.31,2,4,263.8,310,0.1,transepidermal electrical resistance,>15 k? cm2,-1.89,-7.96,(Chantasart et al. 2007)
230,Corticosterone,CC12CCC(=O)C=C1CCC3C2C(CC4(C3CCC4C(=O)CO)C)O,50-22-6,t,346.5,1.76,454,-6.07,-4.31,2,4,263.8,310,0.1,transepidermal electrical resistance,>15 k? cm2,-1.22,-7.29,(Chantasart et al. 2007)
231,Corticosterone,CC12CCC(=O)C=C1CCC3C2C(CC4(C3CCC4C(=O)CO)C)O,50-22-6,t,346.5,1.76,454,-6.07,-4.31,2,4,263.8,310,0.1,transepidermal electrical resistance,>15 k? cm2,-2.91,-8.98,(Chantasart et al. 2007)
232,Corticosterone,CC12CCC(=O)C=C1CCC3C2C(CC4(C3CCC4C(=O)CO)C)O,50-22-6,t,346.5,1.76,454,-6.07,-4.31,2,4,263.8,310,0.1,transepidermal electrical resistance,>15 k? cm2,-2.05,-8.12,(Chantasart et al. 2007)
233,Corticosterone,CC12CCC(=O)C=C1CCC3C2C(CC4(C3CCC4C(=O)CO)C)O,50-22-6,t,346.5,1.76,454,-6.07,-4.31,2,4,263.8,310,0.1,transepidermal electrical resistance,>15 k? cm2,-1.92,-7.99,(Chantasart et al. 2007)
234,Corticosterone,CC12CCC(=O)C=C1CCC3C2C(CC4(C3CCC4C(=O)CO)C)O,50-22-6,t,346.5,1.76,454,-6.07,-4.31,2,4,263.8,310,0.1,transepidermal electrical resistance,>15 k? cm2,-1.81,-7.88,(Chantasart et al. 2007)
235,Corticosterone,CC12CCC(=O)C=C1CCC3C2C(CC4(C3CCC4C(=O)CO)C)O,50-22-6,t,346.5,1.76,454,-6.07,-4.31,2,4,263.8,310,0.1,transepidermal electrical resistance,>15 k? cm2,-1.58,-7.65,(Chantasart et al. 2007)
236,Corticosterone,CC12CCC(=O)C=C1CCC3C2C(CC4(C3CCC4C(=O)CO)C)O,50-22-6,t,346.5,1.76,454,-6.07,-4.31,2,4,263.8,310,0.1,transepidermal electrical resistance,>15 k? cm2,-2.9,-8.97,(Chantasart et al. 2007)
237,Corticosterone,CC12CCC(=O)C=C1CCC3C2C(CC4(C3CCC4C(=O)CO)C)O,50-22-6,t,346.5,1.76,454,-6.07,-4.31,2,4,263.8,310,0.1,transepidermal electrical resistance,>15 k? cm2,-2.36,-8.43,(Chantasart et al. 2007)
238,Corticosterone,CC12CCC(=O)C=C1CCC3C2C(CC4(C3CCC4C(=O)CO)C)O,50-22-6,t,346.5,1.76,454,-6.07,-4.31,2,4,263.8,310,0.1,transepidermal electrical resistance,>15 k? cm2,-1.96,-8.03,(Chantasart et al. 2007)
239,Corticosterone,CC12CCC(=O)C=C1CCC3C2C(CC4(C3CCC4C(=O)CO)C)O,50-22-6,t,346.5,1.76,454,-6.07,-4.31,2,4,263.8,310,0.1,transepidermal electrical resistance,>15 k? cm2,-1.7,-7.77,(Chantasart et al. 2007)
240,Corticosterone,CC12CCC(=O)C=C1CCC3C2C(CC4(C3CCC4C(=O)CO)C)O,50-22-6,t,346.5,1.76,454,-6.07,-4.31,2,4,263.8,310,0.1,transepidermal electrical resistance,>15 k? cm2,-2.97,-9.04,(Chantasart et al. 2007)
241,Corticosterone,CC12CCC(=O)C=C1CCC3C2C(CC4(C3CCC4C(=O)CO)C)O,50-22-6,t,346.5,1.76,454,-6.07,-4.31,2,4,263.8,310,0.1,transepidermal electrical resistance,>15 k? cm2,-2.74,-8.81,(Chantasart et al. 2007)
242,Corticosterone,CC12CCC(=O)C=C1CCC3C2C(CC4(C3CCC4C(=O)CO)C)O,50-22-6,t,346.5,1.76,454,-6.07,-4.31,2,4,263.8,310,0.1,transepidermal electrical resistance,>15 k? cm2,-2.41,-8.48,(Chantasart et al. 2007)
243,Corticosterone,CC12CCC(=O)C=C1CCC3C2C(CC4(C3CCC4C(=O)CO)C)O,50-22-6,t,346.5,1.76,454,-6.07,-4.31,2,4,263.8,310,0.1,transepidermal electrical resistance,>15 k? cm2,-2.1,-8.17,(Chantasart et al. 2007)
244,Corticosterone,CC12CCC(=O)C=C1CCC3C2C(CC4(C3CCC4C(=O)CO)C)O,50-22-6,t,346.5,1.76,454,-6.07,-4.31,2,4,263.8,310,0.1,transepidermal electrical resistance,>15 k? cm2,-1.88,-7.95,(Chantasart et al. 2007)
245,Corticosterone,CC12CCC(=O)C=C1CCC3C2C(CC4(C3CCC4C(=O)CO)C)O,50-22-6,t,346.5,1.76,454,-6.07,-4.31,2,4,263.8,310,0.1,transepidermal electrical resistance,>15 k? cm2,-2.88,-8.95,(Chantasart et al. 2007)
246,Corticosterone,CC12CCC(=O)C=C1CCC3C2C(CC4(C3CCC4C(=O)CO)C)O,50-22-6,t,346.5,1.76,454,-6.07,-4.31,2,4,263.8,310,0.1,transepidermal electrical resistance,>15 k? cm2,-2.38,-8.45,(Chantasart et al. 2007)
247,Corticosterone,CC12CCC(=O)C=C1CCC3C2C(CC4(C3CCC4C(=O)CO)C)O,50-22-6,t,346.5,1.76,454,-6.07,-4.31,2,4,263.8,310,0.1,transepidermal electrical resistance,>15 k? cm2,-2.32,-8.39,(Chantasart et al. 2007)
248,Corticosterone,CC12CCC(=O)C=C1CCC3C2C(CC4(C3CCC4C(=O)CO)C)O,50-22-6,t,346.5,1.76,454,-6.07,-4.31,2,4,263.8,310,0.1,transepidermal electrical resistance,>15 k? cm2,-2.12,-8.19,(Chantasart et al. 2007)
249,Corticosterone,CC12CCC(=O)C=C1CCC3C2C(CC4(C3CCC4C(=O)CO)C)O,50-22-6,t,346.5,1.76,454,-6.07,-4.31,2,4,263.8,310,0.1,transepidermal electrical resistance,>15 k? cm2,-1.79,-7.86,(Chantasart et al. 2007)
250,Corticosterone,CC12CCC(=O)C=C1CCC3C2C(CC4(C3CCC4C(=O)CO)C)O,50-22-6,t,346.5,1.76,454,-6.07,-4.31,2,4,263.8,310,0.1,transepidermal electrical resistance,>15 k? cm2,-2.82,-8.89,(Chantasart et al. 2007)
251,Corticosterone,CC12CCC(=O)C=C1CCC3C2C(CC4(C3CCC4C(=O)CO)C)O,50-22-6,t,346.5,1.76,454,-6.07,-4.31,2,4,263.8,310,0.1,transepidermal electrical resistance,>15 k? cm2,-2.51,-8.58,(Chantasart et al. 2007)
252,Corticosterone,CC12CCC(=O)C=C1CCC3C2C(CC4(C3CCC4C(=O)CO)C)O,50-22-6,t,346.5,1.76,454,-6.07,-4.31,2,4,263.8,310,0.1,transepidermal electrical resistance,>15 k? cm2,-2.11,-8.18,(Chantasart et al. 2007)
253,Corticosterone,CC12CCC(=O)C=C1CCC3C2C(CC4(C3CCC4C(=O)CO)C)O,50-22-6,t,346.5,1.76,454,-6.07,-4.31,2,4,263.8,310,0.1,transepidermal electrical resistance,>15 k? cm2,-1.86,-7.93,(Chantasart et al. 2007)
254,Corticosterone,CC12CCC(=O)C=C1CCC3C2C(CC4(C3CCC4C(=O)CO)C)O,50-22-6,t,346.5,1.76,454,-6.07,-4.31,2,4,263.8,310,0.1,transepidermal electrical resistance,>15 k? cm2,-1.73,-7.8,(Chantasart et al. 2007)
271,Corticosterone,CC12CCC(=O)C=C1CCC3C2C(CC4(C3CCC4C(=O)CO)C)O,50-22-6,t,346.5,1.9,454,-6.46,-4.56,2,4,263.8,310,0.1,tritiated water permeation,< 1.6 �L/cm2,-3.16,-9.63,(Intarakumhaeng et al. 2017)
278,Corticosterone,CC12CCC(=O)C=C1CCC3C2C(CC4(C3CCC4C(=O)CO)C)O,50-22-6,t,346.5,1.76,454,-6.07,-4.31,2,4,263.8,310,0.1,transepidermal electrical resistance,>15 k? cm2,-2.91,-8.98,(Chantasart et al. 2009)
279,Corticosterone,CC12CCC(=O)C=C1CCC3C2C(CC4(C3CCC4C(=O)CO)C)O,50-22-6,t,346.5,1.76,454,-6.07,-4.31,2,4,263.8,310,0.1,transepidermal electrical resistance,>15 k? cm2,-2.49,-8.56,(Chantasart et al. 2009)
280,Corticosterone,CC12CCC(=O)C=C1CCC3C2C(CC4(C3CCC4C(=O)CO)C)O,50-22-6,t,346.5,1.76,454,-6.07,-4.31,2,4,263.8,310,0.1,transepidermal electrical resistance,>15 k? cm2,-2.33,-8.4,(Chantasart et al. 2009)
281,Corticosterone,CC12CCC(=O)C=C1CCC3C2C(CC4(C3CCC4C(=O)CO)C)O,50-22-6,t,346.5,1.76,454,-6.07,-4.31,2,4,263.8,310,0.1,transepidermal electrical resistance,>15 k? cm2,-2.21,-8.28,(Chantasart et al. 2009)
282,Corticosterone,CC12CCC(=O)C=C1CCC3C2C(CC4(C3CCC4C(=O)CO)C)O,50-22-6,t,346.5,1.76,454,-6.07,-4.31,2,4,263.8,310,0.1,transepidermal electrical resistance,>15 k? cm2,-2.91,-8.98,(Chantasart et al. 2009)
283,Corticosterone,CC12CCC(=O)C=C1CCC3C2C(CC4(C3CCC4C(=O)CO)C)O,50-22-6,t,346.5,1.76,454,-6.07,-4.31,2,4,263.8,310,0.1,transepidermal electrical resistance,>15 k? cm2,-2.36,-8.43,(Chantasart et al. 2009)
284,Corticosterone,CC12CCC(=O)C=C1CCC3C2C(CC4(C3CCC4C(=O)CO)C)O,50-22-6,t,346.5,1.76,454,-6.07,-4.31,2,4,263.8,310,0.1,transepidermal electrical resistance,>15 k? cm2,-2.2,-8.27,(Chantasart et al. 2009)
285,Corticosterone,CC12CCC(=O)C=C1CCC3C2C(CC4(C3CCC4C(=O)CO)C)O,50-22-6,t,346.5,1.76,454,-6.07,-4.31,2,4,263.8,310,0.1,transepidermal electrical resistance,>15 k? cm2,-2.13,-8.2,(Chantasart et al. 2009)
286,Corticosterone,CC12CCC(=O)C=C1CCC3C2C(CC4(C3CCC4C(=O)CO)C)O,50-22-6,t,346.5,1.76,454,-6.07,-4.31,2,4,263.8,310,0.1,transepidermal electrical resistance,>15 k? cm2,-2.93,-9,(Chantasart et al. 2009)
287,Corticosterone,CC12CCC(=O)C=C1CCC3C2C(CC4(C3CCC4C(=O)CO)C)O,50-22-6,t,346.5,1.76,454,-6.07,-4.31,2,4,263.8,310,0.1,transepidermal electrical resistance,>15 k? cm2,-2.67,-8.74,(Chantasart et al. 2009)
288,Corticosterone,CC12CCC(=O)C=C1CCC3C2C(CC4(C3CCC4C(=O)CO)C)O,50-22-6,t,346.5,1.76,454,-6.07,-4.31,2,4,263.8,310,0.1,transepidermal electrical resistance,>15 k? cm2,-2.39,-8.46,(Chantasart et al. 2009)
289,Corticosterone,CC12CCC(=O)C=C1CCC3C2C(CC4(C3CCC4C(=O)CO)C)O,50-22-6,t,346.5,1.76,454,-6.07,-4.31,2,4,263.8,310,0.1,transepidermal electrical resistance,>15 k? cm2,-2.37,-8.44,(Chantasart et al. 2009)
290,Corticosterone,CC12CCC(=O)C=C1CCC3C2C(CC4(C3CCC4C(=O)CO)C)O,50-22-6,t,346.5,1.76,454,-6.07,-4.31,2,4,263.8,310,0.1,transepidermal electrical resistance,>15 k? cm2,-2.9,-8.97,(Chantasart et al. 2009)
291,Corticosterone,CC12CCC(=O)C=C1CCC3C2C(CC4(C3CCC4C(=O)CO)C)O,50-22-6,t,346.5,1.76,454,-6.07,-4.31,2,4,263.8,310,0.1,transepidermal electrical resistance,>15 k? cm2,-2.41,-8.48,(Chantasart et al. 2009)
292,Corticosterone,CC12CCC(=O)C=C1CCC3C2C(CC4(C3CCC4C(=O)CO)C)O,50-22-6,t,346.5,1.76,454,-6.07,-4.31,2,4,263.8,310,0.1,transepidermal electrical resistance,>15 k? cm2,-2.16,-8.23,(Chantasart et al. 2009)
293,Corticosterone,CC12CCC(=O)C=C1CCC3C2C(CC4(C3CCC4C(=O)CO)C)O,50-22-6,t,346.5,1.76,454,-6.07,-4.31,2,4,263.8,310,0.1,transepidermal electrical resistance,>15 k? cm2,-1.9,-7.97,(Chantasart et al. 2009)
294,Corticosterone,CC12CCC(=O)C=C1CCC3C2C(CC4(C3CCC4C(=O)CO)C)O,50-22-6,t,346.5,1.76,454,-6.07,-4.31,2,4,263.8,310,0.1,transepidermal electrical resistance,>15 k? cm2,-1.68,-7.75,(Chantasart et al. 2009)
295,Corticosterone,CC12CCC(=O)C=C1CCC3C2C(CC4(C3CCC4C(=O)CO)C)O,50-22-6,t,346.5,1.76,454,-6.07,-4.31,2,4,263.8,310,0.1,transepidermal electrical resistance,>15 k? cm2,-2.91,-8.98,(Chantasart et al. 2009)
296,Corticosterone,CC12CCC(=O)C=C1CCC3C2C(CC4(C3CCC4C(=O)CO)C)O,50-22-6,t,346.5,1.76,454,-6.07,-4.31,2,4,263.8,310,0.1,transepidermal electrical resistance,>15 k? cm2,-2.29,-8.36,(Chantasart et al. 2009)
297,Corticosterone,CC12CCC(=O)C=C1CCC3C2C(CC4(C3CCC4C(=O)CO)C)O,50-22-6,t,346.5,1.76,454,-6.07,-4.31,2,4,263.8,310,0.1,transepidermal electrical resistance,>15 k? cm2,-2.03,-8.1,(Chantasart et al. 2009)
298,Corticosterone,CC12CCC(=O)C=C1CCC3C2C(CC4(C3CCC4C(=O)CO)C)O,50-22-6,t,346.5,1.76,454,-6.07,-4.31,2,4,263.8,310,0.1,transepidermal electrical resistance,>15 k? cm2,-1.9,-7.97,(Chantasart et al. 2009)
299,Corticosterone,CC12CCC(=O)C=C1CCC3C2C(CC4(C3CCC4C(=O)CO)C)O,50-22-6,t,346.5,1.76,454,-6.07,-4.31,2,4,263.8,310,0.1,transepidermal electrical resistance,>15 k? cm2,-1.71,-7.78,(Chantasart et al. 2009)
301,Corticosterone,CC12CCC(=O)C=C1CCC3C2C(CC4(C3CCC4C(=O)CO)C)O,50-22-6,t,346,1.939519253,454,-6.46,-4.52,2,4,263.8,298,0.1,transepidermal electrical resistance,>50 k?cm2,-4,-10.46,(Mitragotri et al. 2000)
336,Corticosterone,CC12CCC(=O)C=C1CCC3C2C(CC4(C3CCC4C(=O)CO)C)O,50-22-6,t,347,1.94,454,-6.46,-4.52,2,4,263.8,310,0.1,Visual check,,-3.23,-9.69,(Suhonen et al. 2003)
354,Corticosterone,CC12CCC(=O)C=C1CCC3C2C(CC4(C3CCC4C(=O)CO)C)O,50-22-6,t*,346.5,1.94,454,-6.46,-4.52,2,4,263.8,298,0.1,,,-4,-10.46,(Johnson et al. 1996)
469,Corticosterone,CC12CCC(=O)C=C1CCC3C2C(CC4(C3CCC4C(=O)CO)C)O,50-22-6,t*,346.5,1.75,454,-6.09,-4.34,2,4,263.8,308,0.1,transepidermal electrical resistance,,-3.33,-9.58,(Magnusson et al. 2006)
187,Aldosterone,CC12CCC(=O)C=C1CCC3C2C(CC4(C3CCC4C(=O)CO)C=O)O,52-39-1,t,360.45,1.08,437,-7,-5.92,2,5,252.6,298,0.1,,,-4.24,-11.24,(Johnson et al.1995)
202,Aldosterone,CC12CCC(=O)C=C1CCC3C2C(CC4(C3CCC4C(=O)CO)C=O)O,52-39-1,t,360.4,0.73,437,-7,-6.27,2,5,252.6,298,0.1,transepidermal electrical resistance,,-4.3,-11.3,(Mitragotri et al. 1996)
300,Aldosterone,CC12CCC(=O)C=C1CCC3C2C(CC4(C3CCC4C(=O)CO)C=O)O,52-39-1,t,360.45,0.73,437,-6.85,-6.12,2,5,252.6,298,0.1,transepidermal electrical resistance,>50 k?cm2,-4.52,-11.38,(Mitragotri et al. 2000)
310,Aldosterone,CC12CCC(=O)C=C1CCC3C2C(CC4(C3CCC4C(=O)CO)C=O)O,52-39-1,t,360.45,0.73,437,-5.88,-5.15,2,5,252.6,298,0.1,transepidermal electrical resistance,>50 k?cm2,-4.52,-10.41,(Mitragotri et al. 2001)
335,Aldosterone,CC12CCC(=O)C=C1CCC3C2C(CC4(C3CCC4C(=O)CO)C=O)O,52-39-1,t,360.45,0.73,437,-5.72,-4.99,2,5,252.6,310,0.1,Visual check,,-4.01,-9.73,(Suhonen et al. 2003)
467,Aldosterone,CC12CCC(=O)C=C1CCC3C2C(CC4(C3CCC4C(=O)CO)C=O)O,52-39-1,t*,360.4,0.73,437,-6.71,-5.98,2,5,252.6,308,0.1,transepidermal electrical resistance,,-4.75,-11.6,(Magnusson et al. 2006)
30,Estriol,CC12CCC3C(C1CC(C2O)O)CCC4=C3C=CC(=C4)O,50-27-1,t,288.4,2.94,555,-7.03,-4.09,3,3,207.2,299,0.1,,,-4.4,-11.43,(Scheuplein et al. 1969)
31,Estrone,CC12CCC3C(C1CCC2=O)CCC4=C3C=CC(=C4)O,53-16-7,t,270.4,3.69,528,-6.92,-3.23,1,2,210.1,299,0.1,,,-2.44,-9.36,(Scheuplein et al. 1969)
15,Cortexone,CC12CCC3C(C1CCC2C(=O)CO)CCC4=CC(=O)CCC34C,64-85-7,t,330.5,3.41,415,-6.89,-3.48,1,3,270.9,299,0.1,,,-3.35,-10.23,(Scheuplein et al. 1969)
27,beta-Estradiol,CC12CCC3C(C1CCC2O)CCC4=C3C=CC(=C4)O,50-28-2,t,272.4,4.01,449,-7.74,-3.73,2,2,208.3,310,0.01,,,-2.01,-9.76,(Liu et al. 1994)
28,Beta-estradiol,CC12CCC3C(C1CCC2O)CCC4=C3C=CC(=C4)O,50-28-2,t,272.4,4.01,449,-7.89,-3.88,2,2,208.3,299,0.1,,,-3.52,-11.41,(Scheuplein et al. 1969)
29,beta-Estradiol,CC12CCC3C(C1CCC2O)CCC4=C3C=CC(=C4)O,50-28-2,t*,272.4,4.01,449,-7.8,-3.79,2,2,208.3,305,0.1,,,-2.28,-10.08,(Williams et al. 1992)
121,Estradiol,CC12CCC3C(C1CCC2O)CCC4=C3C=CC(=C4)O,50-28-2,t,272.4,4.01,449,-7.8,-3.79,2,2,208.3,305,0.1,,,-2.43,-10.23,(Williams and Barry 1991b)
122,Estradiol,CC12CCC3C(C1CCC2O)CCC4=C3C=CC(=C4)O,50-28-2,t,272.4,4.01,449,-7.8,-3.79,2,2,208.3,305,0.1,,,-2.54,-10.33,(Williams and Barry 1991b)
123,Estradiol,CC12CCC3C(C1CCC2O)CCC4=C3C=CC(=C4)O,50-28-2,t,272.4,4.01,449,-7.8,-3.79,2,2,208.3,305,0.1,,,-2.8,-10.6,(Williams and Barry 1991b)
124,Estradiol,CC12CCC3C(C1CCC2O)CCC4=C3C=CC(=C4)O,50-28-2,t,272.4,4.01,449,-7.8,-3.79,2,2,208.3,305,0.1,,,-2.22,-10.02,(Williams and Barry 1991b)
125,Estradiol,CC12CCC3C(C1CCC2O)CCC4=C3C=CC(=C4)O,50-28-2,t,272.4,4.01,449,-7.8,-3.79,2,2,208.3,305,0.1,,,-2.6,-10.39,(Williams and Barry 1991b)
126,Estradiol,CC12CCC3C(C1CCC2O)CCC4=C3C=CC(=C4)O,50-28-2,t,272.4,4.01,449,-7.8,-3.79,2,2,208.3,305,0.1,,,-2.63,-10.42,(Williams and Barry 1991b)
127,Estradiol,CC12CCC3C(C1CCC2O)CCC4=C3C=CC(=C4)O,50-28-2,t,272.4,4.01,449,-7.8,-3.79,2,2,208.3,305,0.1,,,-2.39,-10.18,(Williams and Barry 1991b)
128,Estradiol,CC12CCC3C(C1CCC2O)CCC4=C3C=CC(=C4)O,50-28-2,t,272.4,4.01,449,-7.8,-3.79,2,2,208.3,305,0.1,,,-2.52,-10.32,(Williams and Barry 1991b)
129,Estradiol,CC12CCC3C(C1CCC2O)CCC4=C3C=CC(=C4)O,50-28-2,t,272.4,4.01,449,-7.8,-3.79,2,2,208.3,305,0.1,,,-2.45,-10.25,(Williams and Barry 1991b)
130,Estradiol,CC12CCC3C(C1CCC2O)CCC4=C3C=CC(=C4)O,50-28-2,t,272.4,4.01,449,-7.8,-3.79,2,2,208.3,305,0.1,,,-2.49,-10.29,(Williams and Barry 1991b)
131,Estradiol,CC12CCC3C(C1CCC2O)CCC4=C3C=CC(=C4)O,50-28-2,t,272.4,4.01,449,-7.8,-3.79,2,2,208.3,305,0.1,,,-2.48,-10.27,(Williams and Barry 1991b)
132,Estradiol,CC12CCC3C(C1CCC2O)CCC4=C3C=CC(=C4)O,50-28-2,t,272.4,4.01,449,-7.8,-3.79,2,2,208.3,305,0.1,,,-2.57,-10.37,(Williams and Barry 1991b)
133,Estradiol,CC12CCC3C(C1CCC2O)CCC4=C3C=CC(=C4)O,50-28-2,t,272.4,4.01,449,-7.8,-3.79,2,2,208.3,305,0.1,,,-2.64,-10.44,(Williams and Barry 1991b)
134,Estradiol,CC12CCC3C(C1CCC2O)CCC4=C3C=CC(=C4)O,50-28-2,t,272.4,4.01,449,-7.8,-3.79,2,2,208.3,305,0.1,,,-2.48,-10.28,(Williams and Barry 1991b)
135,Estradiol,CC12CCC3C(C1CCC2O)CCC4=C3C=CC(=C4)O,50-28-2,t,272.4,4.01,449,-7.8,-3.79,2,2,208.3,305,0.1,,,-2.53,-10.33,(Williams and Barry 1991b)
136,Estradiol,CC12CCC3C(C1CCC2O)CCC4=C3C=CC(=C4)O,50-28-2,t,272.4,4.01,449,-7.8,-3.79,2,2,208.3,305,0.1,,,-2.49,-10.28,(Williams and Barry 1991b)
137,Estradiol,CC12CCC3C(C1CCC2O)CCC4=C3C=CC(=C4)O,50-28-2,t,272.4,4.01,449,-7.8,-3.79,2,2,208.3,305,0.1,,,-2.43,-10.23,(Williams and Barry 1991b)
138,Estradiol,CC12CCC3C(C1CCC2O)CCC4=C3C=CC(=C4)O,50-28-2,t,272.4,4.01,449,-7.8,-3.79,2,2,208.3,305,0.01,,,-2.35,-10.15,(Williams and Barry 1991b)
189,Beta-Estradiol,CC12CCC3C(C1CCC2O)CCC4=C3C=CC(=C4)O,50-28-2,t,272.38,4.01,449,-7.89,-3.88,2,2,212.625,298,0.1,,,-2.39,-10.27,(Johnson et al.1995)
205,Estradiol,CC12CCC3C(C1CCC2O)CCC4=C3C=CC(=C4)O,50-28-2,t,272.38,4.01,449,-7.89,-3.88,2,2,208.3,298,0.1,transepidermal electrical resistance,,-2.52,-10.41,(Mitragotri et al. 1996)
211,Estradiol,CC12CCC3C(C1CCC2O)CCC4=C3C=CC(=C4)O,50-28-2,t,272.4,4.01,449,-7.89,-3.88,2,2,208.3,298,0.1,transepidermal electrical resistance,,-2.49,-10.38,(Mitragotri et al. 1995)
276,Estradiol,CC12CCC3C(C1CCC2O)CCC4=C3C=CC(=C4)O,50-28-2,t,272.4,4.01,449,-7.88,-3.87,2,2,208.3,310,0.1,tritiated water permeation,< 1.6 �L/cm2,-2.36,-10.24,(Intarakumhaeng et al. 2017)
303,Estradiol,CC12CCC3C(C1CCC2O)CCC4=C3C=CC(=C4)O,50-28-2,t,272.4,4.01,449,-7.88,-3.87,2,2,208.3,298,0.1,transepidermal electrical resistance,>50 k?cm2,-2.52,-10.4,(Mitragotri et al. 2000)
309,Estradiol,CC12CCC3C(C1CCC2O)CCC4=C3C=CC(=C4)O,50-28-2,t,272.4,4.01,449,-7.88,-3.87,2,2,208.3,298,0.1,transepidermal electrical resistance,>50 k?cm2,-2.52,-10.4,(Mitragotri et al. 2001)
338,Estradiol,CC12CCC3C(C1CCC2O)CCC4=C3C=CC(=C4)O,50-28-2,t,272.4,4.01,449,-7.88,-3.87,2,2,208.3,310,0.1,Visual check,,-2.08,-9.96,(Suhonen et al. 2003)
340,Estradiol,CC12CCC3C(C1CCC2O)CCC4=C3C=CC(=C4)O,50-28-2,t,272.4,4.01,449,-7.88,-3.87,2,2,208.3,310,0.1,,,-4.7,-12.58,(Essa et al. 2002)
352,Estradiol,CC12CCC3C(C1CCC2O)CCC4=C3C=CC(=C4)O,50-28-2,t*,272.4,4.01,449,-7.8,-3.79,2,2,208.3,305,0.1,,,-1.99,-9.94,(Cettina et al. 1995)
353,Estradiol,CC12CCC3C(C1CCC2O)CCC4=C3C=CC(=C4)O,50-28-2,t,272.38,4.01,449,-7.74,-3.73,2,2,208.3,310,0.1,,,-2.21,-9.96,(Knutson et al. 1993)
356,Estradiol,CC12CCC3C(C1CCC2O)CCC4=C3C=CC(=C4)O,50-28-2,t*,272.38,4.01,449,-7.89,-3.88,2,2,208.3,298,0.1,,,-2.38,-10.34,(Johnson et al. 1996)
73,Testosterone,CC12CCC3C(C1CCC2O)CCC4=CC(=O)CCC34C,58-22-0,t,288.4,3.48,428,-7.08,-3.6,1,2,244,299,0.1,,,-3.4,-10.46,(Scheuplein et al. 1969)
74,Testosterone,CC12CCC3C(C1CCC2O)CCC4=CC(=O)CCC34C,58-22-0,t,288.4,3.48,428,-7.09,-3.61,1,2,244,298,0.01,tritiated water permeation,,-3.07,-10.16,(Siddiqui et al. 1989)
153,testosterone,CC12CCC3C(C1CCC2O)CCC4=CC(=O)CCC34C,58-22-0,t,288.42001,3.48,428,-7.08,-3.6,1,2,244,310,0.1,tritiated water permeation,<3e-3,-2.11,-9.19,(Buist et al. 2010)
181,testosterone,CC12CCC3C(C1CCC2O)CCC4=CC(=O)CCC34C,58-22-0,t,288.42001,3.48,428,-7.08,-3.6,1,2,244,310,0.1,tritiated water permeation,<3e-3,-1.95,-9.03,(Buist et al. 2010)
182,testosterone,CC12CCC3C(C1CCC2O)CCC4=CC(=O)CCC34C,58-22-0,t,288.42001,3.48,428,-7.08,-3.6,1,2,244,310,0.1,tritiated water permeation,<3e-3,-2.01,-9.09,(Buist et al. 2010)
183,testosterone,CC12CCC3C(C1CCC2O)CCC4=CC(=O)CCC34C,58-22-0,t,288.42001,3.48,428,-7.08,-3.6,1,2,244,310,0.1,tritiated water permeation,<3e-3,-2.03,-9.1,(Buist et al. 2010)
184,testosterone,CC12CCC3C(C1CCC2O)CCC4=CC(=O)CCC34C,58-22-0,t,288.42001,3.48,428,-7.08,-3.6,1,2,244,310,0.1,tritiated water permeation,<3e-3,-2.07,-9.14,(Buist et al. 2010)
185,testosterone,CC12CCC3C(C1CCC2O)CCC4=CC(=O)CCC34C,58-22-0,t,288.42001,3.48,428,-7.08,-3.6,1,2,244,310,0.1,tritiated water permeation,<3e-3,-2.11,-9.18,(Buist et al. 2010)
213,Testosterone,CC12CCC3C(C1CCC2O)CCC4=CC(=O)CCC34C,58-22-0,t,288.4,3.48,428,-7.09,-3.61,1,2,244,298,0.1,transepidermal electrical resistance,,-2.66,-9.75,(Mitragotri et al. 1995)
308,Testosterone,CC12CCC3C(C1CCC2O)CCC4=CC(=O)CCC34C,58-22-0,t,288,3.48,428,-7.08,-3.6,1,2,244,298,0.1,transepidermal electrical resistance,>50 k?cm2,-2.66,-9.73,(Mitragotri et al. 2000)
311,Testosterone,CC12CCC3C(C1CCC2O)CCC4=CC(=O)CCC34C,58-22-0,t,288,3.48,428,-7.08,-3.6,1,2,244,298,0.1,transepidermal electrical resistance,>50 k?cm2,-2.66,-9.73,(Mitragotri et al. 2001)
337,Testosterone,CC12CCC3C(C1CCC2O)CCC4=CC(=O)CCC34C,58-22-0,t,288,3.48,428,-7.08,-3.6,1,2,244,310,0.1,Visual check,,-2.13,-9.21,(Suhonen et al. 2003)
358,Testosterone,CC12CCC3C(C1CCC2O)CCC4=CC(=O)CCC34C,58-22-0,t*,288.42,3.31,428,-7.1,-3.79,1,2,244,298,0.1,,,-2.27,-9.37,(Johnson et al. 1996)
459,Testosterone,CC12CCC3C(C1CCC2O)CCC4=CC(=O)CCC34C,58-22-0,t,288.42,3.48,428,-7,-3.52,1,2,244,305,0.128,transepidermal electrical resistance,>4.26 k?,-1.42,-8.42,(Ellison et al. 2020)
460,Testosterone,CC12CCC3C(C1CCC2O)CCC4=CC(=O)CCC34C,58-22-0,t,288.42,3.32,428,-7,-3.68,1,2,244,305,0.075,transepidermal electrical resistance,>4.26 k?,-1.65,-8.65,(Ellison et al. 2020)
462,Testosterone,CC12CCC3C(C1CCC2O)CCC4=CC(=O)CCC34C,58-22-0,t,288.42,3.48,428,-6.98,-3.5,1,2,244,303,0.1,,,-2.06,-9.04,(Bonina et al. 1993)
470,Testosterone,CC12CCC3C(C1CCC2O)CCC4=CC(=O)CCC34C,58-22-0,t*,288.4,3.48,428,-6.95,-3.47,1,2,244,308,0.1,transepidermal electrical resistance,,-2.39,-9.48,(Magnusson et al. 2006)
355,Dexamethasone,CC1CC2C3CCC4=CC(=O)C=CC4(C3(C(CC2(C1(C(=O)CO)O)C)O)F)C,50-02-2,t*,392.464,2.06,535,-6.59,-4.53,3,5,264.4,298,0.1,,,-4.19,-10.79,(Johnson et al. 1996)
147,ethacrynic acid,CCC(=C)C(=O)C1=C(C(=C(C=C1)OCC(=O)O)Cl)Cl,58-54-8,t,303.14001,2.84,398,-7.19,-4.35,1,4,257.75,310,0.1,tritiated water permeation,<3e-3,-3.82,-11.02,(Buist et al. 2010)
10,2-Butanone,CCC(=O)C,78-93-3,t,72.1,0.37,187,-2.51,-2.14,0,1,93.9,303,0.1,,,-2.35,-4.86,(Blank et al. 1967)
97,Sufentanil base,CCC(=O)N(C1=CC=CC=C1)C2(CCN(CC2)CCC3=CC=CS3)COC,56030-54-7,t,386.5,3.42,370,-6.57,-3.15,0,4,213.1,310,0.1,,,-1.82,-8.39,(Roy et al. 1990)
95,Fentanyl base,CCC(=O)N(C1CCN(CC1)CCC2=CC=CC=C2)C3=CC=CC=C3,437-38-7,t,336.5,3.93,361,-6.09,-2.16,0,3,287.3,310,0.1,,,-1.98,-8.06,(Roy et al. 1990)
96,Fentanyl base,CCC(=O)N(C1CCN(CC1)CCC2=CC=CC=C2)C3=CC=CC=C3,437-38-7,t,336.5,3.93,361,-6.09,-2.16,0,3,287.3,310,0.1,,,-1.95,-8.03,(Roy et al. 1990)
91,Hydrocortisone-21-propionate,CCC(=O)OCC(=O)C1(CCC2C1(CC(C3C2CCC4=CC(=O)CCC34C)O)C)O,6677-98-1,t*,418.5,3,469,-7.43,-4.43,2,6,428.4,310,0.01,,,-2.47,-9.9,"(Anderson et al. 1988), (Raykar 1988)"
148,linolenic acid,CCC=CCC=CCC=CCCCCCCCC(=O)O,463-40-1,t,278.42999,6.52,261.7,-9.35,-2.83,1,2,327.625,310,0.1,tritiated water permeation,<3e-3,-2.43,-11.78,(Buist et al. 2010)
35,p-Ethylphenol,CCC1=CC=C(C=C1)O,123-07-9�,t,122.2,2.47,318,-4.39,-1.92,1,1,112,298,0.1,Repeating the permeation experiment,Flux comparison,-1.46,-5.85,(Roberts et al. 1977)
5,Betamethasone-17-valerate,CCCCC(=O)OC1(C(CC2C1(CC(C3(C2CCC4=CC(=O)C=CC43C)F)O)C)C)C(=O)CO,2152-44-5,t,476.6,3.98,457,-7.72,-3.74,2,6,354.2,298,0.01,tritiated water permeation,,-2.88,-10.6,(Siddiqui et al. 1989)
405,2-Ethylhexyl acrylate,CCCCC(CC)COC(=O)C=C,103-11-7,t,184.27,3.67,183,-6.19,-2.52,0,2,209.1,305,0.128,transepidermal electrical resistance,>4.26 k?,-1.82,-8.01,(Ellison et al. 2020)
406,2-Ethylhexyl acrylate,CCCCC(CC)COC(=O)C=C,103-11-7,t,184.27,3.67,183,-6.19,-2.52,0,2,209.1,305,0.075,transepidermal electrical resistance,>4.26 k?,-2.11,-8.3,(Ellison et al. 2020)
143,bis(2-ethylhexyl)phthalate,CCCCC(CC)COC(=O)C1=CC=CC=C1C(=O)OCC(CC)CCCC,117-81-7,t,390.56,5.03,223,-8.9,-3.87,0,4,427.25,310,0.1,tritiated water permeation,<3e-3,-4.1,-13,(Buist et al. 2010)
225,p-n-butylphenol; 4-Butylphenol,CCCCC1=CC=C(C=C1)O,1638-22-8,t,150,3.54,295,-5.78,-2.24,1,1,153.6,305,0.1,transepidermal electrical resistance,>50 k?/cm2,-1.11,-6.9,(Zhang et al. 2009)
89,Hydrocortisone-21-hexanoate; Hydrocortisone caproate,CCCCCC(=O)OCC(=O)C1(CCC2C1(CC(C3C2CCC4=CC(=O)CCC34C)O)C)O,3593-96-2,t*,460.6,4.48,388,-8.25,-3.77,2,6,383.7,310,0.01,14C Sucrose transport,,-2,-10.25,(Anderson et al. 1988)
150,oleic acid,CCCCCCCCC=CCCCCCCCC(=O)O,112-80-1,t,282.45999,7.73,286.5,-10.04,-2.31,1,2,334.375,310,0.1,tritiated water permeation,<3e-3,-2.89,-12.92,(Buist et al. 2010)
200,Sodium caprate; Decanoic acid soap (C10:0),CCCCCCCCCC(=O)[O-].[Na+],1002-62-6,t,194.25,3.75,513,-2.87,0.88,1,2,198.375,310,0.1,transepidermal electrical resistance,>50000 ?,-2.95,-5.83,(Howes et al. 1975)
25,Decanol,CCCCCCCCCCO,112-30-1,t,158.3,4.06,279,-6.64,-2.58,1,1,188.4,298,0.1,,,-1.1,-7.73,(Scheuplein and Blank 1973)
145,decanol,CCCCCCCCCCO,112-30-1,t,158.28,3.9,279,-6.63,-2.73,1,1,198.625,310,0.1,tritiated water permeation,<3e-3,-1.96,-8.59,(Buist et al. 2010)
164,decanol,CCCCCCCCCCO,112-30-1,t,158.28,3.9,279,-6.64,-2.74,1,1,198.625,310,0.1,tritiated water permeation,<3e-3,-1.9,-8.54,(Buist et al. 2010)
165,decanol,CCCCCCCCCCO,112-30-1,t,158.28,3.9,279,-6.64,-2.74,1,1,198.625,310,0.1,tritiated water permeation,<3e-3,-1.8,-8.43,(Buist et al. 2010)
166,decanol,CCCCCCCCCCO,112-30-1,t,158.28,3.9,279,-6.64,-2.74,1,1,198.625,310,0.1,tritiated water permeation,<3e-3,-1.88,-8.52,(Buist et al. 2010)
167,decanol,CCCCCCCCCCO,112-30-1,t,158.28,3.9,279,-6.64,-2.74,1,1,198.625,310,0.1,tritiated water permeation,<3e-3,-1.75,-8.39,(Buist et al. 2010)
302,Decanol,CCCCCCCCCCO,112-30-1,t,158.3,4.239999793,279,-6.64,-2.4,1,1,188.4,298,0.1,transepidermal electrical resistance,>50 k?cm2,-1.05,-7.68,(Mitragotri et al. 2000)
323,n-decanol,CCCCCCCCCCO,112-30-1,t,158.28,4.06,279,-6.64,-2.58,1,1,188.4,310,0.1,,,-1.1,-7.74,(Durrheim et al. 1980) (Scheuplein 1965)
476,Decanol ,CCCCCCCCCCO,112-30-1,t,158.3,4.24,279,-6.64,-2.4,1,1,188.4,308,0.1,,,-1.15,-6.05,(Cross et al. 2003)
56,Nonanol,CCCCCCCCCO,143-08-8,t,144,3.53,268,-6.01,-2.48,1,1,172.3,298,0.1,,,-1.22,-7.23,(Scheuplein and Blank 1973)
322,n-nonanol,CCCCCCCCCO,143-08-8,t,144.26,3.53,268,-6.01,-2.48,1,1,172.3,310,0.1,,,-1.22,-7.24,(Durrheim et al. 1980) (Scheuplein 1965)
57,Octanol,CCCCCCCCO,111-87-5,t,130.2,3,258,-5.39,-2.39,1,1,156.2,298,0.1,,,-1.28,-6.67,(Scheuplein and Blank 1973)
58,Octanol,CCCCCCCCO,111-87-5,t,130.2,3,258,-5.39,-2.39,1,1,156.2,303,0.1,,,-1.21,-6.6,(Southwell et al. 1984)
306,Octanol,CCCCCCCCO,111-87-5,t,130.2,3.150142162,258,-5.39,-2.24,1,1,156.2,298,0.1,transepidermal electrical resistance,>50 k?cm2,-1.15,-6.54,(Mitragotri et al. 2000)
321,n-octanol,CCCCCCCCO,111-87-5,t,130.2,3,258,-5.39,-2.39,1,1,157.4,310,0.1,,,-1.28,-6.67,(Durrheim et al. 1980) (Scheuplein 1965)
475,Octanol,CCCCCCCCO,111-87-5,t,130.2,3.15,258,-5.39,-2.24,1,1,156.2,308,0.1,,,-1.03,-5.17,(Cross et al. 2003)
149,octylparaben,CCCCCCCCOC(=O)C1=CC=C(C=C1)O,1219-38-1,t,250.33,5.29,325.5,-6.98,-1.69,1,3,266.5,310,0.1,tritiated water permeation,<3e-3,-2.03,-9.01,(Buist et al. 2010)
172,octylparaben,CCCCCCCCOC(=O)C1=CC=C(C=C1)O,1219-38-1,t,250.33,5.29,325.5,-6.98,-1.69,1,3,266.5,310,0.1,tritiated water permeation,<3e-3,-1.91,-8.89,(Buist et al. 2010)
173,octylparaben,CCCCCCCCOC(=O)C1=CC=C(C=C1)O,1219-38-1,t,250.33,5.29,325.5,-6.98,-1.69,1,3,266.5,310,0.1,tritiated water permeation,<3e-3,-1.79,-8.77,(Buist et al. 2010)
174,octylparaben,CCCCCCCCOC(=O)C1=CC=C(C=C1)O,1219-38-1,t,250.33,5.29,325.5,-6.98,-1.69,1,3,266.5,310,0.1,tritiated water permeation,<3e-3,-1.82,-8.8,(Buist et al. 2010)
175,octylparaben,CCCCCCCCOC(=O)C1=CC=C(C=C1)O,1219-38-1,t,250.33,5.29,325.5,-6.98,-1.69,1,3,266.5,310,0.1,tritiated water permeation,<3e-3,-1.98,-8.96,(Buist et al. 2010)
37,Heptanol,CCCCCCCO,53535-33-4,t,116.2,2.47,238,-4.85,-2.38,1,1,140.1,303,0.1,,,-1.42,-6.28,(Blank et al. 1967)
38,Heptanol,CCCCCCCO,53535-33-4,t,116.2,2.47,238,-4.85,-2.38,1,1,140.1,298,0.1,,,-1.49,-6.35,(Scheuplein and Blank 1973)
320,n-heptanol,CCCCCCCO,53535-33-4,t,116.2,2.62,237,-4.7,-2.08,1,1,141.3,310,0.1,,,-1.49,-6.2,(Durrheim et al. 1980) (Scheuplein 1965)
39,Hexanol,CCCCCCO,111-27-3,t,102.2,1.94,228,-4.24,-2.3,1,1,124,298,0.1,,,-1.89,-6.13,(Scheuplein and Blank 1973)
319,n-hexanol,CCCCCCO,111-27-3,t,102.2,1.989,228.4,-4.12,-2.13,1,1,125.1,310,0.1,,,-1.89,-6,(Durrheim et al. 1980) (Scheuplein 1965)
474,Hexanol,CCCCCCO,111-27-3,t,102.2,1.989,228.4,-4.24,-2.25,1,1,125.1,308,0.1,,,-1.49,-5.24,(Cross et al. 2003)
59,Pentanol,CCCCCO,71-41-0,t,88.2,1.41,194,-3.6,-2.19,1,1,107.9,298,0.1,,,-2.22,-5.82,(Scheuplein and Blank 1973)
318,n-pentanol,CCCCCO,71-41-0,t,88.15,1.41,194,-3.6,-2.19,1,1,107.9,310,0.1,,,-2.22,-5.82,(Durrheim et al. 1980) (Scheuplein 1965)
344,1-(diphenylmethyl)-4-butylpiperazine,CCCCN1CCN(CC1)C(C2=CC=CC=C2)C3=CC=CC=C3,N/A,t,308.5,4.71,325.1,-5.81,-1.1,0,2,N/A,310,0.1,,,-2.3,-8.11,(Monene et al. 2005)
8,Butanol,CCCCO,71-36-3,t,74.1,0.88,184,-3.07,-2.19,1,1,91.8,303,0.1,,,-2.52,-5.59,(Blank et al. 1967)
9,Butanol,CCCCO,71-36-3,t,74.1,0.88,184,-3.07,-2.19,1,1,91.8,298,0.1,,,-2.6,-5.67,(Scheuplein and Blank 1973)
203,Butanol,CCCCO,71-36-3,t,74.12,0.88,184,-3.07,-2.19,1,1,91.8,298,0.1,transepidermal electrical resistance,,-2.66,-5.73,(Mitragotri et al. 1996)
209,Butanol,CCCCO,71-36-3,t,74.1,0.88,184,-3.07,-2.19,1,1,91.8,298,0.1,transepidermal electrical resistance,,-2.66,-5.73,(Mitragotri et al. 1995)
317,n-butanol,CCCCO,71-36-3,t,74.12,0.88,184,-3.07,-2.19,1,1,91.8,310,0.1,,,-2.6,-5.67,(Durrheim et al. 1980) (Scheuplein 1965)
473,Butanol,CCCCO,71-36-3,t,74.1,0.88,184,-3.07,-2.19,1,1,91.8,308,0.1,,,-2.1,-5.11,(Cross et al. 2003)
268,Butylparaben,CCCCOC(=O)C1=CC=C(C=C1)O,94-26-8,t,194.23,3.57,341.5,-5.87,-2.3,1,3,175.3,310,0.1,100 �L of 1% w/v methylene blue permeation,no blue color in 30 min permeation,-0.98,-6.85,(Akomeah et al. 2007)
465,Butylparaben,CCCCOC(=O)C1=CC=C(C=C1)O,94-26-8,t*,194.2,3.57,341.5,-5.89,-2.32,1,3,175.3,305,0.1,,,-1.15,-7.04,(Najib et al.2020)
159,butoxyethanol,CCCCOCCO,111-76-2,t,118.17,0.83,198.2,-2.12,-1.29,1,2,131.4,310,0.1,tritiated water permeation,<3e-3,-2.27,-4.39,(Buist et al. 2010)
160,butoxyethanol,CCCCOCCO,111-76-2,t,118.17,0.83,198.2,-2.12,-1.29,1,2,131.4,310,0.1,tritiated water permeation,<3e-3,-2.08,-4.19,(Buist et al. 2010)
161,butoxyethanol,CCCCOCCO,111-76-2,t,118.17,0.83,198.2,-2.12,-1.29,1,2,131.4,310,0.1,tritiated water permeation,<3e-3,-2.36,-4.48,(Buist et al. 2010)
162,butoxyethanol,CCCCOCCO,111-76-2,t,118.17,0.83,198.2,-2.12,-1.29,1,2,131.4,310,0.1,tritiated water permeation,<3e-3,-2.3,-4.42,(Buist et al. 2010)
163,butoxyethanol,CCCCOCCO,111-76-2,t,118.17,0.83,198.2,-2.12,-1.29,1,2,131.4,310,0.1,tritiated water permeation,<3e-3,-2.28,-4.4,(Buist et al. 2010)
433,Diethylene glycol monobutyl ether,CCCCOCCOCCO,112-34-5,t,162.23,0.6,162.9,-2.18,-1.58,1,3,181.125,305,0.128,transepidermal electrical resistance,>4.26 k?,-2.17,-4.35,(Ellison et al. 2020)
434,Diethylene glycol monobutyl ether,CCCCOCCOCCO,112-34-5,t,162.23,0.6,162.9,-2.18,-1.58,1,3,181.125,305,0.075,transepidermal electrical resistance,>4.26 k?,-2.24,-4.42,(Ellison et al. 2020)
343,1-(diphenylmethyl)-4-propylpiperazine,CCCN1CCN(CC1)C(C2=CC=CC=C2)C3=CC=CC=C3,N/A,t,294.4,4.18,343.1,-6.19,-2.01,0,2,N/A,310,0.1,,,-2.36,-8.55,(Monene et al. 2005)
69,Propanol,CCCO,71-23-8,t,60,0.34,147,-1.89,-1.55,1,1,75.7,303,0.1,,,-2.77,-4.65,(Blank et al. 1967)
70,Propanol,CCCO,71-23-8,t,60,0.34,147,-1.89,-1.55,1,1,75.7,298,0.1,,,-2.92,-4.8,(Scheuplein and Blank 1973)
316,n-propanol,CCCO,71-23-8,t,60.09,0.34,147,-1.89,-1.55,1,1,75.7,310,0.1,,,-2.92,-4.81,(Durrheim et al. 1980) (Scheuplein 1965)
151,propylparaben,CCCOC(=O)C1=CC=C(C=C1)O,94-13-3,t,180.2,2.9,371,-5.41,-2.51,1,3,158.8,310,0.1,tritiated water permeation,<3e-3,-1.85,-7.27,(Buist et al. 2010)
176,propylparaben,CCCOC(=O)C1=CC=C(C=C1)O,94-13-3,t,180.2,2.9,371,-5.41,-2.51,1,3,158.8,310,0.1,tritiated water permeation,<3e-3,-1.56,-6.97,(Buist et al. 2010)
177,propylparaben,CCCOC(=O)C1=CC=C(C=C1)O,94-13-3,t,180.2,2.9,371,-5.41,-2.51,1,3,158.8,310,0.1,tritiated water permeation,<3e-3,-1.62,-7.04,(Buist et al. 2010)
178,propylparaben,CCCOC(=O)C1=CC=C(C=C1)O,94-13-3,t,180.2,2.9,371,-5.41,-2.51,1,3,158.8,310,0.1,tritiated water permeation,<3e-3,-1.61,-7.03,(Buist et al. 2010)
179,propylparaben,CCCOC(=O)C1=CC=C(C=C1)O,94-13-3,t,180.2,2.9,371,-5.41,-2.51,1,3,158.8,310,0.1,tritiated water permeation,<3e-3,-1.71,-7.12,(Buist et al. 2010)
180,propylparaben,CCCOC(=O)C1=CC=C(C=C1)O,94-13-3,t,180.2,2.9,371,-5.41,-2.51,1,3,158.8,310,0.1,tritiated water permeation,<3e-3,-1.71,-7.12,(Buist et al. 2010)
453,Propylparaben,CCCOC(=O)C1=CC=C(C=C1)O,94-13-3,t,180.2,2.9,371,-5.47,-2.57,1,3,158.8,305,0.128,transepidermal electrical resistance,>4.26 k?,-1.2,-6.68,(Ellison et al. 2020)
454,Propylparaben,CCCOC(=O)C1=CC=C(C=C1)O,94-13-3,t,180.2,2.9,371,-5.47,-2.57,1,3,158.8,305,0.075,transepidermal electrical resistance,>4.26 k?,-1.27,-6.74,(Ellison et al. 2020)
215,4-propoxyphenol,CCCOC1=CC=C(C=C1)O,18979-50-5,t,152.19,2.37,328,-4.65,-2.28,1,2,144.8,305,0.1,transepidermal electrical resistance,>50 k?/cm2,-1.82,-6.47,(Zhang et al. 2009)
216,4-propoxyphenol,CCCOC1=CC=C(C=C1)O,18979-50-5,t,152.19,2.37,328,-4.65,-2.28,1,2,144.8,305,0.1,transepidermal electrical resistance,>50 k?/cm2,-1.83,-6.47,(Zhang et al. 2009)
304,Lidocaine,CCN(CC)CC(=O)NC1=C(C=CC=C1C)C,137-58-6,t,234,2.480006943,342,-4.68,-2.2,1,3,166.6,298,0.1,transepidermal electrical resistance,>50 k?cm2,-2.52,-7.2,(Mitragotri et al. 2000)
312,Lidocaine,CCN(CC)CC(=O)NC1=C(C=CC=C1C)C,137-58-6,t,234,2.480006943,342,-4.68,-2.2,1,3,166.6,298,0.1,transepidermal electrical resistance,>50 k?cm2,-2.52,-7.2,(Mitragotri et al. 2001)
357,Lidocaine,CCN(CC)CC(=O)NC1=C(C=CC=C1C)C,137-58-6,t*,234.33,2.48,342,-4.79,-2.31,1,3,166.6,298,0.1,,,-2.4,-7.19,(Johnson et al. 1996)
342,1-(diphenylmethyl)-4-ethylpiperazine,CCN1CCN(CC1)C(C2=CC=CC=C2)C3=CC=CC=C3,N/A,t,280.4,3.64,324,-5.69,-2.05,0,2,N/A,310,0.1,,,-1.36,-7.05,(Monene et al. 2005)
32,Ethanol,CCO,64-17-5,t,46,-0.31,159,-1.77,-2.08,1,1,59.6,298,0.1,,,-3.1,-4.87,(Scheuplein and Blank 1973)
315,ethanol,CCO,64-17-5,t,46.07,-0.31,159,-1.77,-2.08,1,1,59.3,310,0.1,,,-3.1,-4.87,(Durrheim et al. 1980) (Scheuplein 1965)
472,Ethanol,CCO,64�17-5,t,46.07,-0.31,159,-1.77,-2.08,1,1,59.3,308,0.1,,,-2.72,-4.49,(Cross et al. 2003)
431,Diethyl maleate,CCOC(=O)C=CC(=O)OCC,141-05-9,t,172.178,1.072,263,-5.22,-4.15,0,4,161.2,305,0.128,transepidermal electrical resistance,>4.26 k?,-1.59,-6.8,(Ellison et al. 2020)
432,Diethyl maleate,CCOC(=O)C=CC(=O)OCC,141-05-9,t,172.178,1.072,263,-5.22,-4.15,0,4,161.2,305,0.075,transepidermal electrical resistance,>4.26 k?,-1.67,-6.88,(Ellison et al. 2020)
269,Diethyl phthalate,CCOC(=O)C1=CC=CC=C1C(=O)OCC,84-66-2,t*,222.2,2.47,232,-5.17,-2.7,0,4,200,310,0.1,Transepidermal water loss (TEWL),,-1.71,-7.04,(Barbero et al. 2016)
52,"Nicotinate, ethyl",CCOC(=O)C1=CN=CC=C1,614-18-6,t,151.2,1.41,282,-3.43,-2.02,0,3,130.5,310,0.1,,,-3.11,-6.54,(DalPozzo et al. 1991)
93,"Nicotinate, ethyl",CCOC(=O)C1=CN=CC=C1,614-18-6,t,151.2,1.41,282,-3.32,-1.91,0,3,130.5,310,0.1,,,-3.09,-6.41,(DalPozzo et al. 1991)
415,7-Ethoxycoumarin,CCOC1=CC2=C(C=C1)C=CC(=O)O2,31005-02-4,t,190.19,1.474,363,-4.59,-3.12,0,3,157.6,305,0.128,transepidermal electrical resistance,>4.26 k?,-0.92,-5.51,(Ellison et al. 2020)
416,7-Ethoxycoumarin,CCOC1=CC2=C(C=C1)C=CC(=O)O2,31005-02-4,t,190.19,1.474,363,-4.59,-3.12,0,3,157.6,305,0.075,transepidermal electrical resistance,>4.26 k?,-0.78,-5.37,(Ellison et al. 2020)
34,Ethyl ether,CCOCC,69-29-7,t,74.1,0.98,157,-3.09,-2.11,0,1,103,303,0.1,,,-1.8,-4.88,(Blank et al. 1967)
33,2-Ethoxy ethanol,CCOCCO,110-80-5,t,90.1,-0.27,183,-1.99,-2.27,1,2,95.6,303,0.1,,,-3.6,-5.58,(Blank et al. 1967)
146,Diazinon,CCOP(=S)(OCC)OC1=NC(=NC(=C1)C)C(C)C,333-41-5,t,304.35001,3.77,393,-6.73,-2.96,0,6,288.25,310,0.1,tritiated water permeation,<3e-3,-2.06,-8.79,(Buist et al. 2010)
140,Methotrexate,CN(CC1=CN=C2C(=N1)C(=NC(=N2)N)N)C3=CC=C(C=C3)C(=O)NC(CCC(=O)O)C(=O)O,59-05-2,t,454.44,-1.85,468,-5.24,-7.09,5,12,398.75,298,0.01,tritiated water permeation,,-3.36,-8.6,(Siddiqui et al. 1985)
141,Methotrexate,CN(CC1=CN=C2C(=N1)C(=NC(=N2)N)N)C3=CC=C(C=C3)C(=O)NC(CCC(=O)O)C(=O)O,59-05-2,t,454.44,-1.85,468,-5.24,-7.09,5,12,398.75,298,0.01,tritiated water permeation,,-3.44,-8.68,(Siddiqui et al. 1985)
201,Caffeine,CN1C=NC2=C1C(=O)N(C(=O)N2C)C,58-08-2,t,194.19,-0.63,511,-3.76,-4.39,0,6,176.125,310,0.1,,,-3.66,-7.42,(Dias et al. 1999)
270,Caffeine,CN1C=NC2=C1C(=O)N(C(=O)N2C)C,58-08-2,t,194.2,-0.07,509,-3.89,-3.96,0,6,113.4,310,0.1,Transepidermal water loss (TEWL),,-3.81,-7.69,(Barbero et al. 2016)
277,caffeine,CN1C=NC2=C1C(=O)N(C(=O)N2C)C,58-08-2,t*,194.194,-0.08,511,-3.68,-3.76,0,6,113.4,305,0.1,transepidermal electrical resistance,>20 k?,-4.15,-7.95,(Eman et al. 2019)
425,Caffeine,CN1C=NC2=C1C(=O)N(C(=O)N2C)C,58-08-2,t,194.2,-0.08,511,-3.84,-3.92,0,6,194.2,305,0.128,transepidermal electrical resistance,>4.26 k?,-2.61,-6.45,(Ellison et al. 2020)
426,Caffeine,CN1C=NC2=C1C(=O)N(C(=O)N2C)C,58-08-2,t,194.2,-0.08,511,-3.84,-3.92,0,6,194.2,305,0.075,transepidermal electrical resistance,>4.26 k?,-1.6,-5.44,(Ellison et al. 2020)
461,Caffeine,CN1C=NC2=C1C(=O)N(C(=O)N2C)C,58-08-2,t,194.2,-0.08,511,-3.84,-3.92,0,6,194.2,303,0.1,,,-4.59,-8.43,(Bonina et al. 1993)
463,Caffeine,CN1C=NC2=C1C(=O)N(C(=O)N2C)C,58-08-2,t,194.2,-0.08,511,-3.88,-3.96,0,6,113.4,305,0.1,,,-3.7,-7.58,(Najib et al.2020)
403,"3-Methyl-3H-imidazo[4,5-f]quinolin-2-amine",CN1C2=C(C3=C(C=C2)N=CC=C3)N=C1N,76180-96-6,t,198.22,1.743,573,-5.87,-4.13,2,4,140.3,305,0.128,transepidermal electrical resistance,>4.26 k?,-2.43,-8.3,(Ellison et al. 2020)
404,"3-Methyl-3H-imidazo[4,5-f]quinolin-2-amine",CN1C2=C(C3=C(C=C2)N=CC=C3)N=C1N,76180-96-6,t,198.22,1.743,573,-5.87,-4.13,2,4,140.3,305,0.075,transepidermal electrical resistance,>4.26 k?,-2.07,-7.95,(Ellison et al. 2020)
341,1-(diphenylmethyl)-4-methylpiperazine,CN1CCN(CC1)C(C2=CC=CC=C2)C3=CC=CC=C3,N/A,t,266.4,3.11,380,-6.16,-3.05,0,2,N/A,310,0.1,,,-2.52,-8.68,(Monene et al. 2005)
48,Methanol,CO,67-56-1,t,32,-0.72,175,-1.51,-2.23,1,1,43.5,298,0.1,,,-3.3,-4.81,(Scheuplein and Blank 1973)
49,Methanol,CO,67-56-1,t,32,-0.72,175,-1.51,-2.23,1,1,43.5,303,0.1,,,-2.8,-4.3,(Southwell et al. 1984)
314,methanol,CO,67-56-1,t,32.04,-0.77,175,-1.51,-2.28,1,1,43.5,310,0.1,,,-3.3,-4.81,(Durrheim et al. 1980) (Scheuplein 1965)
50,Methylparaben,COC(=O)C1=CC=C(C=C1)O,99-76-3,t,152.1,1.87,401,-4.89,-3.02,1,3,113.9,298,0.1,Repeating the permeation experiment,Flux comparison,-2.03,-6.92,(Roberts et al. 1977)
214,Methylparaben,COC(=O)C1=CC=C(C=C1)O,99-76-3,t,152,1.86,404,-4.85,-2.99,1,3,125.7,305,0.1,transepidermal electrical resistance,>50 k?/cm2,-2.08,-8.06,(Zhang et al. 2009)
267,Methylparaben,COC(=O)C1=CC=C(C=C1)O,99-76-3,t,152.1,1.87,401,-4.8,-2.93,1,3,113.9,310,0.1,100 �L of 1% w/v methylene blue permeation,no blue color in 30 min permeation,-1.67,-6.47,(Akomeah et al. 2007)
464,Methylparaben,COC(=O)C1=CC=C(C=C1)O,99-76-3,t*,152.2,1.96,401,-4.8,-2.84,1,3,113.9,305,0.1,,,-1.96,-6.77,(Najib et al.2020)
435,Dimethyl phthalate,COC(=O)C1=CC=CC=C1C(=O)OC,131-11-3,t,194.18,1.69,278.5,-4.61,-2.92,0,4,164,305,0.128,transepidermal electrical resistance,>4.26 k?,-1.65,-6.26,(Ellison et al. 2020)
436,Dimethyl phthalate,COC(=O)C1=CC=CC=C1C(=O)OC,131-11-3,t,194.18,1.69,278.5,-4.61,-2.92,0,4,164,305,0.075,transepidermal electrical resistance,>4.26 k?,-1.55,-6.16,(Ellison et al. 2020)
217,methyl salicylate,COC(=O)C1=CC=CC=C1O,119-36-8,t,152,2.23,265,-5.01,-2.78,1,3,125.7,305,0.1,transepidermal electrical resistance,>50 k?/cm2,-1.44,-6.46,(Zhang et al. 2009)
53,"Nicotinate, methyl",COC(=O)C1=CN=CC=C1,93-60-7,t,137.1,0.88,316,-3.28,-2.4,0,3,114.4,310,0.1,,,-3.28,-6.56,(DalPozzo et al. 1991)
94,"Nicotinate, methyl",COC(=O)C1=CN=CC=C1,93-60-7,t*,137.1,0.88,316,-3.33,-2.45,0,3,114.4,310,0.1,,,-3.31,-6.64,(DalPozzo et al. 1991)
88,Methyl 4-hydroxyphenylacetate,COC(=O)CC1=CC=C(C=C1)O,14199-15-6,t,166.17,1.63,330,-4.07,-2.44,1,3,140.7,310,0.01,,,-1.7,-5.77,(Anderson and Raykar 1989)
327,Methylglucose,COC(C(C=O)O)C(C(CO)O)O,146-72-5,t,194.18,-2.5,431,-2,-4.5,4,6,139.3,310,0.1,Visual check,,-3.68,-5.68,(Suhonen et al. 2003)
439,Eugenol,COC1=C(C=CC(=C1)CC=C)O,97-53-0,t,164.2,2.2,263.9,-4.76,-2.56,1,2,156.3,305,0.128,transepidermal electrical resistance,>4.26 k?,-1.56,-6.32,(Ellison et al. 2020)
440,Eugenol,COC1=C(C=CC(=C1)CC=C)O,97-53-0,t,164.2,2.2,263.9,-4.76,-2.56,1,2,156.3,305,0.075,transepidermal electrical resistance,>4.26 k?,-1.59,-6.36,(Ellison et al. 2020)
449,Methyl methanesulfonate,COS(=O)(=O)C,66-27-3,t,110.13,0.67,293,-1.98,-1.31,0,3,88.9,305,0.128,transepidermal electrical resistance,>4.26 k?,-2.07,-4.04,(Ellison et al. 2020)
450,Methyl methanesulfonate,COS(=O)(=O)C,66-27-3,t,110.13,0.67,293,-1.98,-1.31,0,3,88.9,305,0.075,transepidermal electrical resistance,>4.26 k?,-1.91,-3.89,(Ellison et al. 2020)
83,Water,O,7732-18-5,t,18,-1.38,273,-1.25,-2.63,2,1,18,303,0.1,tritiated water permeation,1.6,-2.81,-4.06,(Barber et al. 1992)
84,Water,O,7732-18-5,t,18,-1.38,273,-1.25,-2.63,2,1,18,305,0.1,tritiated water permeation,,-2.81,-4.07,(Bronaugh et al. 1986)
85,Water,O,7732-18-5,t,18,-1.38,273,-1.25,-2.63,2,1,18,303,0.1,tritiated water permeation,0.00155,-3.07,-4.32,(Dick and Scott 1992)
86,Water,O,7732-18-5,t,18,-1.38,273,-1.25,-2.63,2,1,18,298,0.1,,,-3.3,-4.56,(Scheuplein and Blank 1973)
98,Water,O,7732-18-5,t,18,-1.38,273,-1.25,-2.63,2,1,18,298,0.1,,,-3.7,-4.95,(Scheuplein and Blank 1973)
191,Water,O,7732-18-5,t,18.02,-1.38,273,-1.25,-2.63,2,1,17.5,305,0.1,,,-3.16,-4.41,(Clowes et al. 1994)
192,Water,O,7732-18-5,t,18.02,-1.38,273,-1.25,-2.63,2,1,17.5,305,0.1,,,-3.04,-4.29,(Clowes et al. 1994)
193,Water,O,7732-18-5,t,18.02,-1.38,273,-1.25,-2.63,2,1,17.5,305,0.1,,,-3.25,-4.5,(Clowes et al. 1994)
198,water,O,7732-18-5,t,18,-1.38,273,-1.25,-2.63,2,1,18,303,0.1,tritiated water permeation,<1.5e-3,-3.03,-4.28,(Barber et al. 1995)
199,water,O,7732-18-5,t,18,-1.38,273,-1.25,-2.63,2,1,18,303,0.1,tritiated water permeation,<1.5e-3,-2.94,-4.19,(Barber et al. 1995)
207,Water,O,7732-18-5,t,18,-1.38,273,-1.25,-2.63,2,1,18,298,0.1,transepidermal electrical resistance,,-3.52,-4.77,(Mitragotri et al. 1996)
256,water,O,7732-18-5,t,18,-1.38,273,-1.25,-2.63,2,1,18,304,0.1,transepidermal electrical resistance,>20 k?cm2,-3.19,-4.44,(Lawrence et al. 1997)
257,water,O,7732-18-5,t,18,-1.38,273,-1.25,-2.63,2,1,18,304,0.1,transepidermal electrical resistance,>20 k?cm2,-3.17,-4.43,(Lawrence et al. 1997)
258,water,O,7732-18-5,t,18,-1.38,273,-1.25,-2.63,2,1,18,304,0.1,transepidermal electrical resistance,>20 k?cm2,-2.99,-4.24,(Lawrence et al. 1997)
261,water,O,7732-18-5,t,18,-1.38,273,-1.25,-2.63,2,1,18,304,0.1,transepidermal electrical resistance,>20 k?cm2,-3.18,-4.43,(Lawrence et al. 1997)
262,water,O,7732-18-5,t,18,-1.38,273,-1.25,-2.63,2,1,18,304,0.1,transepidermal electrical resistance,>20 k?cm2,-3.19,-4.44,(Lawrence et al. 1997)
263,water,O,7732-18-5,t,18,-1.38,273,-1.25,-2.63,2,1,18,304,0.1,transepidermal electrical resistance,>20 k?cm2,-3.2,-4.45,(Lawrence et al. 1997)
360,water,O,7732-18-5,t,18,-1.38,273,-1.25,-2.63,2,1,18,305,0.1,,,-3.59,-4.84,(Hirvonen et al. 1998)
362,water,O,7732-18-5,t,18,-1.38,273,-1.25,-2.63,2,1,18,305,0.1,,,-3.5,-4.76,(Hirvonen et al. 1998)
364,water,O,7732-18-5,t,18,-1.38,273,-1.25,-2.63,2,1,18,305,0.1,,,-3.4,-4.65,(Hirvonen et al. 1998)
366,water,O,7732-18-5,t,18,-1.38,273,-1.25,-2.63,2,1,18,305,0.1,,,-3.38,-4.63,(Hirvonen et al. 1998)
368,water,O,7732-18-5,t,18,-1.38,273,-1.25,-2.63,2,1,18,305,0.1,,,-3.39,-4.65,(Hirvonen et al. 1998)
370,water,O,7732-18-5,t,18,-1.38,273,-1.25,-2.63,2,1,18,305,0.1,,,-3.24,-4.49,(Hirvonen et al. 1998)
372,water,O,7732-18-5,t,18,-1.38,273,-1.25,-2.63,2,1,18,305,0.1,,,-3.61,-4.86,(Hirvonen et al. 1998)
374,water,O,7732-18-5,t,18,-1.38,273,-1.25,-2.63,2,1,18,305,0.1,,,-3.47,-4.72,(Hirvonen et al. 1998)
376,water,O,7732-18-5,t,18,-1.38,273,-1.25,-2.63,2,1,18,305,0.1,,,-3.53,-4.78,(Hirvonen et al. 1998)
378,water,O,7732-18-5,t,18,-1.38,273,-1.25,-2.63,2,1,18,305,0.1,,,-3.24,-4.49,(Hirvonen et al. 1993)
379,water,O,7732-18-5,t,18,-1.38,273,-1.25,-2.63,2,1,18,305,0.1,,,-3.25,-4.5,(Hirvonen et al. 1993)
381,water,O,7732-18-5,t,18,-1.38,273,-1.25,-2.63,2,1,18,305,0.1,,,-3.3,-4.55,(Hirvonen et al. 1998b)
383,water,O,7732-18-5,t,18,-1.38,273,-1.25,-2.63,2,1,18,305,0.1,,,-3.43,-4.69,(Hirvonen et al. 1998b)
384,water,O,7732-18-5,t,18,-1.38,273,-1.25,-2.63,2,1,18,305,0.1,,,-3.08,-4.33,(Hirvonen et al. 1998b)
